PRODUCT_URL,PRODUCT_NAME,PRICE,RATINGS,REVIEWS
https://www.amazon.in/American-Tourister-AMT-SCH-02/dp/B07CJCGM1M/ref=sr_1_3?crid=2M096C61O4MLT&keywords=bags&qid=1675269038&sprefix=ba%2Caps%2C283&sr=8-3,American Tourister 32 Ltrs Black Casual Backpack (AMT FIZZ SCH BAG 02 - BLACK),"₹1,299",4.1 out of 5 stars,"51,350"
https://www.amazon.in/Wesley-Milestone-Waterproof-Backpack-Business/dp/B084JGJ8PF/ref=sr_1_4?crid=2M096C61O4MLT&keywords=bags&qid=1675269038&sprefix=ba%2Caps%2C283&sr=8-4,Wesley Milestone 2.0 Casual Waterproof Laptop Backpack/Office Bag/School Bag/College Bag/Business Bag/Travel Backpack (Dimensions:13x18 inches) (Compatible with 39.62cm(15.6inch laptop) 30 L (Blue & black),₹565,4.3 out of 5 stars,"9,219"
https://www.amazon.in/Skybags-Brat-Black-Casual-Backpack/dp/B08Z1HHHTD/ref=sr_1_5?crid=2M096C61O4MLT&keywords=bags&qid=1675269038&sprefix=ba%2Caps%2C283&sr=8-5,Skybags Brat Black 46 Cms Casual Backpack,₹669,4.1 out of 5 stars,"3,364"
https://www.amazon.in/ADISA-Laptop-Backpack-Office-College/dp/B09TPX22NF/ref=sr_1_6?crid=2M096C61O4MLT&keywords=bags&qid=1675269038&sprefix=ba%2Caps%2C283&sr=8-6,ADISA 15.6 inch Laptop Backpack Office Bag College Travel Back Pack 32 Ltrs (z-Navy Blue),₹499,3.9 out of 5 stars,461
https://www.amazon.in/AirCase-C34-Laptop-Backpack-Women/dp/B07QN4KXWG/ref=sr_1_7?crid=2M096C61O4MLT&keywords=bags&qid=1675269038&sprefix=ba%2Caps%2C283&sr=8-7,AirCase C34- 13 Inch/ 14 Inch/15.6 Inch Premium Vegan Leather Laptop Backpack for Men & Women (Black)- 25 Ltrs,₹999,3.9 out of 5 stars,709
https://www.amazon.in/Northzone-Waterproof-Backpack-Business-Dimensions/dp/B0BS6QQZYN/ref=sr_1_8?crid=2M096C61O4MLT&keywords=bags&qid=1675269038&sprefix=ba%2Caps%2C283&sr=8-8,Northzone Casual Waterproof Laptop Backpack/Office Bag/School Bag/College Bag/Business Bag/Travel Backpack (Dimensions:13x18 inches) (Compatible with 39.62cm(15.6inch laptop) 30 L,₹510,5.0 out of 5 stars,2
https://www.amazon.in/Wesley-Milestone-Waterproof-Backpack-Business/dp/B085S444JV/ref=sr_1_9?crid=2M096C61O4MLT&keywords=bags&qid=1675269038&sprefix=ba%2Caps%2C283&sr=8-9,"Wesley Milestone 2.0 Casual Waterproof Laptop Backpack/Office Bag/School Bag/College Bag/Business Bag/Travel Backpack (Dimensions:13x18 inches) (Compatible with 39.62cm(15.6inch laptop) 30 L, Charcoal black",₹565,4.3 out of 5 stars,"9,219"
https://www.amazon.in/Backpack-Small-Black-Water-Repellant/dp/B088XB5XY8/ref=sr_1_10?crid=2M096C61O4MLT&keywords=bags&qid=1675269038&sprefix=ba%2Caps%2C283&sr=8-10,"Mi Step Out 12 L Mini Backpack (Small Size, Black, Water Repellant)",₹356,4.1 out of 5 stars,"7,623"
https://www.amazon.in/Safari-Backpack-Resistant-Polyester-Travelling/dp/B09B29F66W/ref=sr_1_13?crid=2M096C61O4MLT&keywords=bags&qid=1675269038&sprefix=ba%2Caps%2C283&sr=8-13,"Safari Flash Casual Backpack, 26 ltr Water Resistant Travel Bags| Weight Polyester Bagpack for Men and Women, Spacious Shoulder Bag for College, Office, Travelling and Camping",₹699,3.9 out of 5 stars,"2,180"
https://www.amazon.in/Wesley-Spartan-Hiking-Raincover-Organiser/dp/B098QFF5TJ/ref=sr_1_14?crid=2M096C61O4MLT&keywords=bags&qid=1675269038&sprefix=ba%2Caps%2C283&sr=8-14,Wesley Spartan Unisex Travel Hiking Laptop Bag fits Upto 17.3 inch with Raincover and Internal Organiser Backpack Rucksack College Bag,₹798,4.1 out of 5 stars,911
https://www.amazon.in/FUR-JADEN-Leatherette-Polypropylene-DUFF05/dp/B07M9BRCQ5/ref=sr_1_15?crid=2M096C61O4MLT&keywords=bags&qid=1675269038&sprefix=ba%2Caps%2C283&sr=8-15,Fur Jaden Brown Textured Leatherette Stylish & Spacious Weekender Duffle Bag for Travel,₹889,4.3 out of 5 stars,"5,313"
https://www.amazon.in/Kleider-Travel-Business-Messenger-Shoulder/dp/B084ZHP97M/ref=sr_1_16?crid=2M096C61O4MLT&keywords=bags&qid=1675269038&sprefix=ba%2Caps%2C283&sr=8-16,DEIN KLEIDER Men's Nylon Messenger Bag,₹349,4.0 out of 5 stars,"4,395"
https://www.amazon.in/TRUE-HUMAN-Anti-Theft-backpack-charging/dp/B09QJ7ZF2Y/ref=sr_1_17?crid=2M096C61O4MLT&keywords=bags&qid=1675269038&sprefix=ba%2Caps%2C283&sr=8-17,"TRUE HUMAN® Emperor Anti-Theft backpack With USB charging Port and anti -theft back pocket Laptop bag ,office bag ,college bags,travel bag ( legend )",₹699,3.7 out of 5 stars,"1,701"
https://www.amazon.in/Half-Moon-Backpack-Luggage-Compartment/dp/B09VCLZ3K4/ref=sr_1_18?crid=2M096C61O4MLT&keywords=bags&qid=1675269038&sprefix=ba%2Caps%2C283&sr=8-18,Half Moon Large 37L Laptop Bag Backpack for menं Women Boys and Girls Luggage Travel Bags with 17.3 inches Laptop Compartment & Rain Cover,₹849,3.9 out of 5 stars,"2,124"
https://www.amazon.in/Martucci-Casual-Travelling-Laptop-Backpack/dp/B088B4P6ZW/ref=sr_1_19?crid=2M096C61O4MLT&keywords=bags&qid=1675269038&sprefix=ba%2Caps%2C283&sr=8-19,Martucci 15.6 inch 30 L Casual Waterproof Laptop Backpack/Office Bag/School Bag/College Bag/Business Bag/Unisex Travel Backpack(Black),₹565,4.0 out of 5 stars,"6,980"
https://www.amazon.in/ADISA-BP005-Weight-Casual-Backpack/dp/B07F3X45WZ/ref=sr_1_20?crid=2M096C61O4MLT&keywords=bags&qid=1675269038&sprefix=ba%2Caps%2C283&sr=8-20,ADISA Light Weight Laptop Backpack 32 Ltrs,₹499,4.0 out of 5 stars,"5,545"
https://www.amazon.in/Bennett-Mystic-Shoulder-Messenger-Repellent/dp/B08X2T2M8G/ref=sr_1_19?crid=2M096C61O4MLT&keywords=bags&qid=1675269041&sprefix=ba%2Caps%2C283&sr=8-19,Bennett™ Mystic Formal Business Briefcase Bag Crossbody Messenger College Bags For Men Women MacBook INoteBook ITablet Laptop Upto 15.6 Inch | Handbags with Shoulder Straps (Blue) 6 Months Warranty,₹512,4.1 out of 5 stars,"4,857"
https://www.amazon.in/Inovera-Label-Women-Handbags-Shoulder/dp/B08CMQD4BC/ref=sr_1_20?crid=2M096C61O4MLT&keywords=bags&qid=1675269041&sprefix=ba%2Caps%2C283&sr=8-20,"INOVERA Faux Leather Women Handbags Shoulder Hobo Bag Purse With Long Strap, 32L x 13B x 30H cm","₹1,399",4.1 out of 5 stars,"6,795"
https://www.amazon.in/ADISA-BP004-Weight-Casual-Backpack/dp/B07G3CG9FC/ref=sr_1_21?crid=2M096C61O4MLT&keywords=bags&qid=1675269041&sprefix=ba%2Caps%2C283&sr=8-21,ADISA Laptop Backpack 31 Ltrs,₹499,4.0 out of 5 stars,"8,989"
https://www.amazon.in/Wesley-Milestone-Waterproof-Backpack-Business/dp/B07K8KLB3P/ref=sr_1_22?crid=2M096C61O4MLT&keywords=bags&qid=1675269041&sprefix=ba%2Caps%2C283&sr=8-22,"Wesley Unisex Milestone Casual Waterproof Laptop Office School College Business Travel Backpack 25 L (Dimensions: 12.5x18 inches) (Compatible with 15.6 inch laptops), Navy Blue",₹498,4.3 out of 5 stars,"12,103"
https://www.amazon.in/Half-Moon-Waterproof-Backpack-Students/dp/B085MHDJ93/ref=sr_1_23?crid=2M096C61O4MLT&keywords=bags&qid=1675269041&sprefix=ba%2Caps%2C283&sr=8-23,Half Moon 35 ltrs (33 cms)backpack(Navy Laptop Bags_navy blue),₹689,3.9 out of 5 stars,"14,904"
https://www.amazon.in/Step-Backpack-Small-Water-Repellant/dp/B088XH1BP7/ref=sr_1_24?crid=2M096C61O4MLT&keywords=bags&qid=1675269041&sprefix=ba%2Caps%2C283&sr=8-24,"Mi Step Out 12 L Mini Backpack (Small Size, Dark Blue, Water Repellant)",₹299,4.1 out of 5 stars,"7,623"
https://www.amazon.in/Gear-Black-Laptop-Backpack-LBPASPIRE0104/dp/B075MK4TXP/ref=sr_1_25?crid=2M096C61O4MLT&keywords=bags&qid=1675269041&sprefix=ba%2Caps%2C283&sr=8-25,Gear Aspire 30L Water Restant Office Laptop Bag/Backpack for Men/Women/(Black),"₹1,188",4.3 out of 5 stars,"4,873"
https://www.amazon.in/Safari-Laptop-Backpack-Resistant-Fabric/dp/B09B25Z8M2/ref=sr_1_26?crid=2M096C61O4MLT&keywords=bags&qid=1675269041&sprefix=ba%2Caps%2C283&sr=8-26,"Safari Quill Laptop Backpack 26 Ltrs Water Resistant Fabric - Black, L (QUILL19CBBLK)",₹899,3.9 out of 5 stars,675
https://www.amazon.in/Number-Backpack-Compartment-Charging-Organizer/dp/B09VTDMRY7/ref=sr_1_29?crid=2M096C61O4MLT&keywords=bags&qid=1675269041&sprefix=ba%2Caps%2C283&sr=8-29,"FUR JADEN Anti Theft Number Lock Backpack Bag with 15.6 Inch Laptop Compartment, USB Charging Port & Organizer Pocket for Men Women Boys Girls",₹689,3.9 out of 5 stars,"2,682"
https://www.amazon.in/Rucksack-Travel-Backpack-Trekking-Compartment/dp/B07YDGQQN5/ref=sr_1_30?crid=2M096C61O4MLT&keywords=bags&qid=1675269041&sprefix=ba%2Caps%2C283&sr=8-30,"Fur Jaden 55 LTR Rucksack Travel Backpack Bag for Trekking, Hiking with Shoe Compartment",₹839,4.2 out of 5 stars,"7,578"
https://www.amazon.in/Wesley-Milestone-Waterproof-Backpack-Business/dp/B07PLKV6D1/ref=sr_1_31?crid=2M096C61O4MLT&keywords=bags&qid=1675269041&sprefix=ba%2Caps%2C283&sr=8-31,Wesley Milestone 15.6 inch 25 L Casual Waterproof Laptop Backpack/Office Bag/School Bag/College Bag/Business Bag/Unisex Travel Backpack,₹498,4.3 out of 5 stars,"12,103"
https://www.amazon.in/Nivia-6853-Polyester-Basic-Duffle/dp/B07FWQ9HRV/ref=sr_1_32?crid=2M096C61O4MLT&keywords=bags&qid=1675269041&sprefix=ba%2Caps%2C283&sr=8-32,NIVIA Basic Duffle Polyester Bag/Gym Bags/Adjustable Shoulder Bag for Men/Duffle Gym Bags for Men/Fitness Bag/Carry Bags/Sports & Travel Bag/Sports Kit/Duffle Bags Travel,₹239,4.0 out of 5 stars,"1,983"
https://www.amazon.in/Hilfiger-Joshua-Backpack-TH-JOSHUALAP01/dp/B07N8GRWTZ/ref=sr_1_33?crid=2M096C61O4MLT&keywords=bags&qid=1675269041&sprefix=ba%2Caps%2C283&sr=8-33,Tommy Hilfiger Joshua 15 inch 21 Ltrs Light Grey Laptop Backpack (TH/JOSHUALAP07),"₹1,887",3.9 out of 5 stars,364
https://www.amazon.in/Lenovo-Laptop-Backpack-15-6-Inch-GX40Q17227/dp/B075Y6SRMG/ref=sr_1_34?crid=2M096C61O4MLT&keywords=bags&qid=1675269041&sprefix=ba%2Caps%2C283&sr=8-34,Lenovo Casual Laptop Backpack B210 39.62 cm (15.6) -inch Water Repellent Grey,₹898,4.2 out of 5 stars,"53,028"
https://www.amazon.in/Gear-Beige-Casual-Backpack-BKPTRMP520522/dp/B00VWM11HQ/ref=sr_1_35?crid=2M096C61O4MLT&keywords=bags&qid=1675269041&sprefix=ba%2Caps%2C283&sr=8-35,Gear Triumph 26L Water Resistant School Bag//Backpack/College Bag for Men/Women - Navy Blue,₹769,4.2 out of 5 stars,"5,373"
https://www.amazon.in/American-Tourister-AMT-SCH-BAG01/dp/B07CJCFNZG/ref=sr_1_36?crid=2M096C61O4MLT&keywords=bags&qid=1675269041&sprefix=ba%2Caps%2C283&sr=8-36,American Tourister Casual Backpack,"₹1,099",4.1 out of 5 stars,"14,185"
https://www.amazon.in/Half-Moon-Backpack-Compartment-Reflective/dp/B0BJ32LQ6X/ref=sr_1_35?crid=2M096C61O4MLT&keywords=bags&qid=1675269044&sprefix=ba%2Caps%2C283&sr=8-35,Half Moon Large 37L Laptop Bag Backpack for menं Women Boys and Girls Luggage Travel Bags with 17.3 inches Laptop Compartment & Rain Cover,₹849,3.9 out of 5 stars,"2,124"
https://www.amazon.in/Northzone-Waterproof-Backpack-Business-Dimensions/dp/B0BS6QM2GD/ref=sr_1_36?crid=2M096C61O4MLT&keywords=bags&qid=1675269044&sprefix=ba%2Caps%2C283&sr=8-36,Northzone Casual Waterproof Laptop Backpack/Office Bag/School Bag/College Bag/Business Bag/Travel Backpack (Dimensions:13x18 inches) (Compatible with 39.62cm(15.6inch laptop) 30 L,₹510,5.0 out of 5 stars,2
https://www.amazon.in/Lavie-Sport-Duffle-Luggage-Trolley/dp/B097RJ22Q3/ref=sr_1_37?crid=2M096C61O4MLT&keywords=bags&qid=1675269044&sprefix=ba%2Caps%2C283&sr=8-37,Lavie Sport Lino Large Size 63 cms Wheel Duffle Bag for Travel | Travel Bag with Trolley,₹999,4.0 out of 5 stars,"5,782"
https://www.amazon.in/Tabelito-Office-Laptop-Briefcase-Women/dp/B08FKXCJNQ/ref=sr_1_38?crid=2M096C61O4MLT&keywords=bags&qid=1675269044&sprefix=ba%2Caps%2C283&sr=8-38,Tabelito® Laptop Bag For Men and women Briefcase 15.6 Inch (39.6 cm) Messenger Side Shoulder Travel bags for mens Water Resistant gifts office bag for men,₹549,4.0 out of 5 stars,"2,369"
https://www.amazon.in/WILDHORN-Backpack-Compartment-Business-Stitching/dp/B09QL66G55/ref=sr_1_39?crid=2M096C61O4MLT&keywords=bags&qid=1675269044&sprefix=ba%2Caps%2C283&sr=8-39,"WILDHORN 31L Laptop Backpack for Men / Women I Fits upto 15.6"" Laptop I Waterproof I Travel / Business / College Bookbags",₹599,4.1 out of 5 stars,700
https://www.amazon.in/Half-Moon-Spacious-Backpack-Compartment/dp/B0BLVQ9NTD/ref=sr_1_40?crid=2M096C61O4MLT&keywords=bags&qid=1675269044&sprefix=ba%2Caps%2C283&sr=8-40,Half Moon Strike 35L Unisex Spacious School/ Laptop/ College/ Office Travel Backpack Bag for Men Women Boys & Girls with 15.6 inch Padded Laptop Compartment & Multiple Pockets,₹699,3.6 out of 5 stars,43
https://www.amazon.in/F-Gear-String-Polyester-33-cms-Black-Drawstring-Gym-Bag/dp/B07PC28YQ9/ref=sr_1_41?crid=2M096C61O4MLT&keywords=bags&qid=1675269044&sprefix=ba%2Caps%2C283&sr=8-41,F Gear String 11 Ltrs Nylon Black Gym Bag,₹189,4.0 out of 5 stars,414
https://www.amazon.in/WILD-MODA-Womens-Shoulder-Turquoise/dp/B099PLT91X/ref=sr_1_42?crid=2M096C61O4MLT&keywords=bags&qid=1675269044&sprefix=ba%2Caps%2C283&sr=8-42,"WILD MODA Women's Shoulder Bag, Set of 1",₹849,4.3 out of 5 stars,"3,314"
https://www.amazon.in/Capacity-Cosmetic-Portable-Cosmetics-Organizer/dp/B0BR123Z9J/ref=sr_1_45?crid=2M096C61O4MLT&keywords=bags&qid=1675269044&sprefix=ba%2Caps%2C283&sr=8-45,"ZANIC'S Large Capacity Cosmetic Travel Bag, Women's Makeup Travel Bag Portable Leather Cosmetics Bag, Makeup Storage Bags with Handle and Divider, Wide Opening Cosmetic/Makeup Organizer Bags (Pink)",₹749,4.6 out of 5 stars,25
https://www.amazon.in/Baggit-Autumn-Winter-Leather-Womens-Handbag/dp/B08SCDTRKP/ref=sr_1_46?crid=2M096C61O4MLT&keywords=bags&qid=1675269044&sprefix=ba%2Caps%2C283&sr=8-46,Baggit Women Hobo Handbag (ROSE),₹595,4.2 out of 5 stars,177
https://www.amazon.in/POLESTAR-Vintage-Laptop-Backpack-bagpack/dp/B081GSQ9D9/ref=sr_1_47?crid=2M096C61O4MLT&keywords=bags&qid=1675269044&sprefix=ba%2Caps%2C283&sr=8-47,"POLESTAR Vintage 15.6 inch 32 LTR Casual Laptop Backpack/Office Bag/School Bag/College Bag/Business Bag/Unisex Backpack , Water Resistant and Light Weight, 1 year Warranty",₹549,3.9 out of 5 stars,"8,340"
https://www.amazon.in/Casual-Backpack-Charging-Laptop-Compartment/dp/B07J46KLFP/ref=sr_1_48?crid=2M096C61O4MLT&keywords=bags&qid=1675269044&sprefix=ba%2Caps%2C283&sr=8-48,"Fur Jaden 15.6 Inch Laptop Backpack 25 LTR Bag for School, College and Office with USB Charging Port",₹489,3.9 out of 5 stars,"9,818"
https://www.amazon.in/Gear-Polyester-Travel-Duffle-DUFCRSTNG0406/dp/B075MMWRW6/ref=sr_1_49?crid=2M096C61O4MLT&keywords=bags&qid=1675269044&sprefix=ba%2Caps%2C283&sr=8-49,Gear Polyester 74 Cms Duffle Bag(Dufcrstng0406_Grey),₹539,4.1 out of 5 stars,"15,913"
https://www.amazon.in/BennettTM-Mystic-Shoulder-Messenger-Repellent/dp/B09321GJXZ/ref=sr_1_50?crid=2M096C61O4MLT&keywords=bags&qid=1675269044&sprefix=ba%2Caps%2C283&sr=8-50,Bennett™ Mystic 15.6 inch (39.6cm) Laptop Briefcase Shoulder Sling Office Business Professional Travel Messenger Bag for Men and Women Water Repellent Formal Executive Bags (Grey) 6 Months Warranty,₹512,4.1 out of 5 stars,"4,857"
https://www.amazon.in/Wildcraft-Packs18-Laptop-Backpack-Streak/dp/B07FC4D9B5/ref=sr_1_51?crid=2M096C61O4MLT&keywords=bags&qid=1675269044&sprefix=ba%2Caps%2C283&sr=8-51,Wildcraft Work Packs'18 21 Ltrs Black Laptop Backpack (Streak Plus),"₹1,449",4.4 out of 5 stars,"1,884"
https://www.amazon.in/Bennett-15-6-inch-College-Repellent-Backpack/dp/B09WZHX3B1/ref=sr_1_52?crid=2M096C61O4MLT&keywords=bags&qid=1675269044&sprefix=ba%2Caps%2C283&sr=8-52,"Bennett Casual Laptop Bag school bags for boys girls 15.6-inch, 25 LTR Office & College bags for mens Water Repellent Backpack for Men & Women (Black)",₹512,3.9 out of 5 stars,345
https://www.amazon.in/Bennett-15-6-inch-College-Repellent-Backpack/dp/B09WZKHSDR/ref=sr_1_51?crid=2M096C61O4MLT&keywords=bags&qid=1675269047&sprefix=ba%2Caps%2C283&sr=8-51,"Bennett Casual Laptop Bag school bags for boys girls 15.6-inch, 25 LTR Office & College bags for mens Water Repellent Backpack for Men & Women (GREY)",₹512,3.9 out of 5 stars,(345)
https://www.amazon.in/Baggit-Autumn-Winter-Leather-Womens-Handbag/dp/B08SCDTRKP/ref=sr_1_52?crid=2M096C61O4MLT&keywords=bags&qid=1675269047&sprefix=ba%2Caps%2C283&sr=8-52,Baggit Women Hobo Handbag (ROSE),₹595,4.2 out of 5 stars,(177)
https://www.amazon.in/Wildcraft-Turnaround-Polyester-Laptop-8903340000000/dp/B012D4QWES/ref=sr_1_53?crid=2M096C61O4MLT&keywords=bags&qid=1675269047&sprefix=ba%2Caps%2C283&sr=8-53,Wildcraft Turnaround Polyester 14 inch 27 Ltrs Blue Laptop Bag (8903340000000),"₹1,695",4.3 out of 5 stars,"(3,183)"
https://www.amazon.in/Safari-Spartan-Water-Resistant-Backpack/dp/B09B26MB5M/ref=sr_1_54?crid=2M096C61O4MLT&keywords=bags&qid=1675269047&sprefix=ba%2Caps%2C283&sr=8-54,"Safari Spartan 21 Ltrs Water Resistant Backpack - Blue, S (SPARTAN19CBBLU)",₹599,3.8 out of 5 stars,(627)
https://www.amazon.in/Mi-Business-Casual-Resistant-Backpack/dp/B07YY6PTMN/ref=sr_1_55?crid=2M096C61O4MLT&keywords=bags&qid=1675269047&sprefix=ba%2Caps%2C283&sr=8-55,Mi Business Casual 21L Water Resistant Laptop Backpack (Dark Grey),₹999,4.4 out of 5 stars,"(6,047)"
https://www.amazon.in/WILDHORN-Backpack-Compartment-Business-Stitching/dp/B09QL66G55/ref=sr_1_56?crid=2M096C61O4MLT&keywords=bags&qid=1675269047&sprefix=ba%2Caps%2C283&sr=8-56,"WILDHORN 31L Laptop Backpack for Men / Women I Fits upto 15.6"" Laptop I Waterproof I Travel / Business / College Bookbags",₹599,4.1 out of 5 stars,(700)
https://www.amazon.in/Amazon-Brand-Backpack-15-6-inch-Laptops/dp/B076QFBFRG/ref=sr_1_57?crid=2M096C61O4MLT&keywords=bags&qid=1675269047&sprefix=ba%2Caps%2C283&sr=8-57,"Amazon Brand - Solimo Laptop Backpack for 15.6-inch Laptops (27 litres, Black)",₹449,3.8 out of 5 stars,"(1,215)"
https://www.amazon.in/PETRICE-Multifunctional-Travel-Makeup-Organiser/dp/B07W22LC2D/ref=sr_1_58?crid=2M096C61O4MLT&keywords=bags&qid=1675269047&sprefix=ba%2Caps%2C283&sr=8-58,PETRICE Multifunctional Travel Bag Extra Large Makeup Organiser with Hook (Navy Blue),₹499,4.2 out of 5 stars,"(1,770)"
https://www.amazon.in/Asus-BP1504-15-6-inch-Laptop-Backpack/dp/B0895ZZHKK/ref=sr_1_61?crid=2M096C61O4MLT&keywords=bags&qid=1675269047&sprefix=ba%2Caps%2C283&sr=8-61,Asus BP1504 39.62 cm (15.6-inch) Laptop Backpack (Dark Grey),₹559,4.2 out of 5 stars,"(1,481)"
https://www.amazon.in/Wesley-briefcase-professional-Briefcase-messenger/dp/B0BJVDN7VT/ref=sr_1_62?crid=2M096C61O4MLT&keywords=bags&qid=1675269047&sprefix=ba%2Caps%2C283&sr=8-62,Wesley office Laptop Bag briefcase notebook professional business 15.6 Inch Briefcase messenger sling Water resistant Laptop Bag Tablet Business Carrying Handbag for Women and Men (Charcoal Black),₹471,4.0 out of 5 stars,"(1,061)"
https://www.amazon.in/SFANE-Duffel-Shoulder-Women-Compartment/dp/B07XXFB9CZ/ref=sr_1_63?crid=2M096C61O4MLT&keywords=bags&qid=1675269047&sprefix=ba%2Caps%2C283&sr=8-63,Sfane polyester 23 cms Duffle Bag(BG - 05 HALF LTSHOE COMPTT_grey),₹377,4.3 out of 5 stars,"(6,312)"
https://www.amazon.in/15-6-inch-Briefcase-Resistant-Waterproof-Compatible/dp/B0966F821Q/ref=sr_1_64?crid=2M096C61O4MLT&keywords=bags&qid=1675269047&sprefix=ba%2Caps%2C283&sr=8-64,"SABUZ BAG 15.6-inch Laptop Computer Briefcase,Water Resistant, Business Bag with Waterproof Zipper,Shoulder Bag Handbag,Compatible with laptop MacBook Notebook,for MeN&Women (GREY)",₹749,3.7 out of 5 stars,(214)
https://www.amazon.in/Lenovo-15-6-Inches-Everyday-Backpack/dp/B08R7RPVJF/ref=sr_1_65?crid=2M096C61O4MLT&keywords=bags&qid=1675269047&sprefix=ba%2Caps%2C283&sr=8-65,Lenovo Slim Everyday Backpack,₹839,4.4 out of 5 stars,"(2,630)"
https://www.amazon.in/Fur-Jaden-Black-Waterproof-Backpack/dp/B078GLXMDY/ref=sr_1_66?crid=2M096C61O4MLT&keywords=bags&qid=1675269047&sprefix=ba%2Caps%2C283&sr=8-66,Fur Jaden Anti Theft Backpack 15.6 Inch Laptop Bag with USB Charging Port,₹889,4.0 out of 5 stars,"(10,532)"
https://www.amazon.in/TRUE-HUMAN-Anti-Theft-charging-combination/dp/B09H7PK5ML/ref=sr_1_67?crid=2M096C61O4MLT&keywords=bags&qid=1675269047&sprefix=ba%2Caps%2C283&sr=8-67,"TRUE HUMAN® Anti-Theft and USB charging port backpack with combination Number lock Laptop bag,office bag for men and women",₹699,3.8 out of 5 stars,"(1,650)"
https://www.amazon.in/SIDRUM-Shoulder-Adjustable-Compatible-Mirrorless/dp/B09P74TZY8/ref=sr_1_68?crid=2M096C61O4MLT&keywords=bags&qid=1675269047&sprefix=ba%2Caps%2C283&sr=8-68,"SIDRUM WF-18 DSLR/SLR Camera Shoulder Bag Case with Adjustable Shoulder Strap & Rain Cover, Compatible for Nikon, Canon, Sony Mirrorless Cameras - Waterproof - Breathable - Anti Shock (Orange-Black)",₹664,4.4 out of 5 stars,(808)
https://www.amazon.in/Lenovo-15-6-Inches-Everyday-Backpack/dp/B08R7RPVJF/ref=sr_1_67?crid=2M096C61O4MLT&keywords=bags&qid=1675269050&sprefix=ba%2Caps%2C283&sr=8-67,Lenovo Slim Everyday Backpack,₹839,4.4 out of 5 stars,"2,630"
https://www.amazon.in/Storage-Disposable-Freezer-Feeding-Transparent/dp/B099ZZ57FT/ref=sr_1_68?crid=2M096C61O4MLT&keywords=bags&qid=1675269050&sprefix=ba%2Caps%2C283&sr=8-68,"LuvLap Baby Breast Milk Storage Bags (Pack of 25), BPA Free Disposable Milk Freezer Bags for Breast Feeding, Transparent",₹308,4.4 out of 5 stars,515
https://www.amazon.in/Skybags-Brat-Green-Casual-Backpack/dp/B08Z21W4TG/ref=sr_1_69?crid=2M096C61O4MLT&keywords=bags&qid=1675269050&sprefix=ba%2Caps%2C283&sr=8-69,Skybags Brat Sea Green 46 Cms Casual Backpack,₹669,4.1 out of 5 stars,870
https://www.amazon.in/SIDRUM-Shoulder-Adjustable-Compatible-Mirrorless/dp/B09P74TZY8/ref=sr_1_70?crid=2M096C61O4MLT&keywords=bags&qid=1675269050&sprefix=ba%2Caps%2C283&sr=8-70,"SIDRUM WF-18 DSLR/SLR Camera Shoulder Bag Case with Adjustable Shoulder Strap & Rain Cover, Compatible for Nikon, Canon, Sony Mirrorless Cameras - Waterproof - Breathable - Anti Shock (Orange-Black)",₹664,4.4 out of 5 stars,808
https://www.amazon.in/Fostelo-CATLIN-Womens-Handbag-Maroon/dp/B079MD5F7R/ref=sr_1_71?crid=2M096C61O4MLT&keywords=bags&qid=1675269050&sprefix=ba%2Caps%2C283&sr=8-71,Fostelo Handbag For Women And Girls | Ladies Purse Faux Leather Satchel Bag | Woman Gifts | Wedding Gifts For Women | Women 3 Compartments Bag | Travel Purse Hobo Bag | 5 Pockets Shoulder Bag,₹498,4.1 out of 5 stars,"8,911"
https://www.amazon.in/Artistix-Backpack-Anti-Theft-Charging-Resistance/dp/B082PKX18C/ref=sr_1_72?crid=2M096C61O4MLT&keywords=bags&qid=1675269050&sprefix=ba%2Caps%2C283&sr=8-72,Artistix 25 ltrs (30 cms)backpack(Talon_40cm_black),₹999,4.3 out of 5 stars,"2,760"
https://www.amazon.in/Tabelito-Laptop-Backpack-15-6-inch-Repellent/dp/B08Y3KCN32/ref=sr_1_73?crid=2M096C61O4MLT&keywords=bags&qid=1675269050&sprefix=ba%2Caps%2C283&sr=8-73,"Tabelito® Casual Laptop Bag 15.6-inch(39.6cm), 25 LTR Water Repellent Backpack Office College School Business Travel Bags for Men Women Boys & Girls (Blue)",₹548,4.2 out of 5 stars,"1,498"
https://www.amazon.in/AUXTER-BLACKY-Duffel-Emboss-Black/dp/B07F2H25NP/ref=sr_1_74?crid=2M096C61O4MLT&keywords=bags&qid=1675269050&sprefix=ba%2Caps%2C283&sr=8-74,Auxter Faux Leather 23 Cms Duffle Bag(Aux_Gb_Le_Black -Se__0521_Black),₹376,4.3 out of 5 stars,"8,800"
https://www.amazon.in/Dell-Pro-Slim-Backpack-15/dp/B07PMQTB6T/ref=sr_1_77?crid=2M096C61O4MLT&keywords=bags&qid=1675269050&sprefix=ba%2Caps%2C283&sr=8-77,"Dell Pro Slim Backpack 15 - PO1520PS - Fits Most laptops up to 38.1 cm (15 inches, Black)","₹1,599",4.4 out of 5 stars,373
https://www.amazon.in/Wesley-Briefcase-Professional-Messenger-Resistant/dp/B08K7PN23C/ref=sr_1_78?crid=2M096C61O4MLT&keywords=bags&qid=1675269050&sprefix=ba%2Caps%2C283&sr=8-78,Wesley Xenon Laptop Bag,₹498,4.0 out of 5 stars,"1,061"
https://www.amazon.in/FUR-JADEN-Backpack-Accessories-Organiser/dp/B0BSHBH9K2/ref=sr_1_79?crid=2M096C61O4MLT&keywords=bags&qid=1675269050&sprefix=ba%2Caps%2C283&sr=8-79,"FUR JADEN 15.6 Inch Smart Laptop Backpack Bag With USB Charging Port, Anti Theft Pocket and Accessories Organiser for Men Women Boys Girls",₹999,4.9 out of 5 stars,38
https://www.amazon.in/Fur-Jaden-Black-Waterproof-Backpack/dp/B078GLXMDY/ref=sr_1_80?crid=2M096C61O4MLT&keywords=bags&qid=1675269050&sprefix=ba%2Caps%2C283&sr=8-80,Fur Jaden Anti Theft Backpack 15.6 Inch Laptop Bag with USB Charging Port,₹889,4.0 out of 5 stars,"10,532"
https://www.amazon.in/SIDRUM-Shoulder-Adjustable-Compatible-Mirrorless/dp/B09SHTBFQF/ref=sr_1_81?crid=2M096C61O4MLT&keywords=bags&qid=1675269050&sprefix=ba%2Caps%2C283&sr=8-81,"SIDRUM DSLR/SLR Camera Shoulder Bag Case with Adjustable Shoulder Strap & Rain Cover, Compatible for Nikon, Canon, Sony Mirrorless Cameras - Waterproof - Breathable - Anti Shock (Orange-Black-Large)",₹949,4.4 out of 5 stars,808
https://www.amazon.in/Priority-Spider-ltrs-School-Backpack/dp/B0849MZF6Q/ref=sr_1_82?crid=2M096C61O4MLT&keywords=bags&qid=1675269050&sprefix=ba%2Caps%2C283&sr=8-82,"Priority Disney Marvel Spiderman 25 litres Grey School Bag | Casual Backpack for Boys & Girls, Kid's Backpack",₹349,3.6 out of 5 stars,"6,183"
https://www.amazon.in/Lavie-Malgana-Womens-Tote-Black/dp/B07PKHC72N/ref=sr_1_83?crid=2M096C61O4MLT&keywords=bags&qid=1675269050&sprefix=ba%2Caps%2C283&sr=8-83,Lavie Women's Malnov Tote Bag | Ladies Purse Handbag,"₹1,013.94",4.1 out of 5 stars,"4,825"
https://www.amazon.in/Wooum-Resistant-Material-Messenger-Compartment/dp/B09KV7Y3KL/ref=sr_1_84?crid=2M096C61O4MLT&keywords=bags&qid=1675269050&sprefix=ba%2Caps%2C283&sr=8-84,wooum Water Resistant Material Sling Bag/One Side Bag/Shoulder Bag/Messenger Bag/Office Messenger Bag/Travel Side Bag with 14.1 Inch Laptop Compartment -,₹474.05,4.0 out of 5 stars,201
https://www.amazon.in/Lenovo-Professional-Backpack-Water-resistant-Uncompromised/dp/B08R7S55H4/ref=sr_1_83?crid=2M096C61O4MLT&keywords=bags&qid=1675269053&sprefix=ba%2Caps%2C283&sr=8-83,"Lenovo 15.6"" Professional Backpack, Made in India, Water-resistant,Uncompromised storage, Travel friendly:Fleece-lined PC compartment,Vented,Padded BackPanel & Adjustable shoulder straps,Luggage strap","₹1,337",4.2 out of 5 stars,695
https://www.amazon.in/TRUE-HUMAN-Anti-Theft-charging-combination/dp/B09H7PK5ML/ref=sr_1_84?crid=2M096C61O4MLT&keywords=bags&qid=1675269053&sprefix=ba%2Caps%2C283&sr=8-84,"TRUE HUMAN® Anti-Theft and USB charging port backpack with combination Number lock Laptop bag,office bag for men and women",₹699,3.8 out of 5 stars,"1,650"
https://www.amazon.in/Nivia-Deflate-5180BK-Polyester-Round/dp/B07222KX3S/ref=sr_1_85?crid=2M096C61O4MLT&keywords=bags&qid=1675269053&sprefix=ba%2Caps%2C283&sr=8-85,NIVIA Deflate Round 01 Polyester Gym Bag/Unisex Gym Bags/Adjustable Shoulder Bag for Men/Duffle Gym Bags for Men/Carry Gym Accessories/Fitness Bag/Sports &Travel Bag/Gym kit Bag,₹449,4.2 out of 5 stars,"7,165"
https://www.amazon.in/Wooum-Resistant-Material-Messenger-Compartment/dp/B09KV7Y3KL/ref=sr_1_86?crid=2M096C61O4MLT&keywords=bags&qid=1675269053&sprefix=ba%2Caps%2C283&sr=8-86,wooum Water Resistant Material Sling Bag/One Side Bag/Shoulder Bag/Messenger Bag/Office Messenger Bag/Travel Side Bag with 14.1 Inch Laptop Compartment -,₹474.05,4.0 out of 5 stars,201
https://www.amazon.in/Aavishkar-Polyster-Weight-Laptop-Backpack/dp/B08DLL3794/ref=sr_1_87?crid=2M096C61O4MLT&keywords=bags&qid=1675269053&sprefix=ba%2Caps%2C283&sr=8-87,Truvic Polyster Black Light Weight Laptop Bag 30 ltrs Laptop Backpack for Upto 15.6 inch Laptop (Black),₹599,3.4 out of 5 stars,629
https://www.amazon.in/Gear-Classic-Leather-Backpack-LBPCLSLTH0101/dp/B07G4D13LB/ref=sr_1_88?crid=2M096C61O4MLT&keywords=bags&qid=1675269053&sprefix=ba%2Caps%2C283&sr=8-88,Gear Classic 20L Faux Leather Water Resistant Anti Theft Laptop Bag/Backpack for Men/Women-Black,₹999,4.4 out of 5 stars,"2,525"
https://www.amazon.in/Shalimar-Capacity-Travel-Storage-Duffel/dp/B09TPHFMX7/ref=sr_1_89?crid=2M096C61O4MLT&keywords=bags&qid=1675269053&sprefix=ba%2Caps%2C283&sr=8-89,"SHALIMAR large capacity Travel bag / Storage bag / Move-in bags/ Duffel Bag - Strong, Durable , Foldable and Water Resistant ( Pack of 1 ) ( Blue )",₹247,4.1 out of 5 stars,267
https://www.amazon.in/Rabbit-Caramello-Backpack-Multi-Function-Waterproof/dp/B07FHXNPCH/ref=sr_1_90?crid=2M096C61O4MLT&keywords=bags&qid=1675269053&sprefix=ba%2Caps%2C283&sr=8-90,"R for Rabbit Caramello Delight Diaper Bag Backpack -Multi-Function Waterproof Mother Bag for Travel with Baby - Large Capacity, Durable and Stylish.(Grey Black)","₹1,999",4.4 out of 5 stars,790
https://www.amazon.in/ALIZA-Womens-Tote-Bag-Black/dp/B08JJ8RQNR/ref=sr_1_93?crid=2M096C61O4MLT&keywords=bags&qid=1675269053&sprefix=ba%2Caps%2C283&sr=8-93,ALIZA Women's Tote Bag,₹426,4.0 out of 5 stars,"7,622"
https://www.amazon.in/Lenovo-Laptop-Backpack-15-6-Inch-GX40Q17225/dp/B075Y72PHZ/ref=sr_1_94?crid=2M096C61O4MLT&keywords=bags&qid=1675269053&sprefix=ba%2Caps%2C283&sr=8-94,Lenovo Casual Laptop Backpack B210 15.6-inch(39.6cm) Water Repellent Black,₹922,4.2 out of 5 stars,"53,028"
https://www.amazon.in/Genie-Ltrs-School-Backpack-CAMELLIA17SBPIN/dp/B07QHMKHWH/ref=sr_1_95?crid=2M096C61O4MLT&keywords=bags&qid=1675269053&sprefix=ba%2Caps%2C283&sr=8-95,"Genie Camellia School Bag for Girls, 17 inch Backpack for Women, 3 compartments Water Resistant Stylish and Trendy College Backpacks for Girls",₹721.71,4.2 out of 5 stars,"2,863"
https://www.amazon.in/TRUE-HUMAN-laptop-backpack-cooper/dp/B0BKTQ48D5/ref=sr_1_96?crid=2M096C61O4MLT&keywords=bags&qid=1675269053&sprefix=ba%2Caps%2C283&sr=8-96,TRUE HUMAN 32 Ltrs laptop backpack ( cooper blue ),₹625,3.6 out of 5 stars,99
https://www.amazon.in/Chic-Buddy-Waterproof-Swimsuits-Toiletries/dp/B09KSBHC18/ref=sr_1_97?crid=2M096C61O4MLT&keywords=bags&qid=1675269053&sprefix=ba%2Caps%2C283&sr=8-97,"Chic Buddy Waterproof Wet Bag, Washable, Reusable for Travel, Beach, Pool, Stroller, Diapers, Dirty Gym Clothes, Wet Swimsuits, Toiletries",₹299,4.5 out of 5 stars,256
https://www.amazon.in/F-Gear-Blow-Laptop-Backpack/dp/B078J63VRY/ref=sr_1_98?crid=2M096C61O4MLT&keywords=bags&qid=1675269053&sprefix=ba%2Caps%2C283&sr=8-98,"F Gear Blow Laptop Backpack With Rain Cover 32 Liters (Black,Grey) Sch Bag","₹1,039",4.3 out of 5 stars,"1,245"
https://www.amazon.in/Lino-Perros-Womens-Sling-Gold/dp/B07MV38P1L/ref=sr_1_99?crid=2M096C61O4MLT&keywords=bags&qid=1675269053&sprefix=ba%2Caps%2C283&sr=8-99,Lino Perros Faux Leather Sling Bag,₹768,3.9 out of 5 stars,193
https://www.amazon.in/ZIPLINE-Polyester-Backpack-Children-Daypack/dp/B07XVMR33Q/ref=sr_1_100?crid=2M096C61O4MLT&keywords=bags&qid=1675269053&sprefix=ba%2Caps%2C283&sr=8-100,ZIPLINE Unisex Casual Polyester 36 L Backpack School Bag Women Men Boys Girls Children Daypack College Bag Book School Sports Bag Weekend Bag,₹843,4.0 out of 5 stars,"4,937"
https://www.amazon.in/Kuber-Industries-Transparent-Resistant-Handle-Set/dp/B08WK5QJ5D/ref=sr_1_99?crid=2M096C61O4MLT&keywords=bags&qid=1675269056&sprefix=ba%2Caps%2C283&sr=8-99,Kuber Industries Travel Toiletry Bag|Undergarments Organizer Bag|Makeup Bags|Transparent Shaving Bag for Men|Water Resistant with Zipper and Handle|Set of 2 (Cream),₹174,4.0 out of 5 stars,40
https://www.amazon.in/FATMUG-Laptop-Bag-Men-Convertible/dp/B084LF4RT5/ref=sr_1_100?crid=2M096C61O4MLT&keywords=bags&qid=1675269056&sprefix=ba%2Caps%2C283&sr=8-100,"FATMUG Laptop Bag For Men - Convertible Backpack For Office And Travel (Dark Grey ,Oxford Fabric)","₹1,499",4.4 out of 5 stars,"1,562"
https://www.amazon.in/Wesley-Waterproof-Backpack-Business-Dimensions/dp/B0BMQ4D59H/ref=sr_1_101?crid=2M096C61O4MLT&keywords=bags&qid=1675269056&sprefix=ba%2Caps%2C283&sr=8-101,Wesley Ignite Casual Waterproof Laptop Backpack/Office Bag/School Bag/College Bag/Business Bag/Travel Backpack (Dimensions:13x18.5 inches) (Compatible with 39.62cm(15.6inch laptop),₹599,5.0 out of 5 stars,3
https://www.amazon.in/TULMAN-Stylish-Messenger-Shoulder-Bag/dp/B07Q74QLHT/ref=sr_1_102?crid=2M096C61O4MLT&keywords=bags&qid=1675269056&sprefix=ba%2Caps%2C283&sr=8-102,TULMAN Canvas Travel Sling Bag Cross Body One side Shoulder College Bag for Men & Women - 30 x 13 x 26 CM - Olive Green,₹799,4.1 out of 5 stars,366
https://www.amazon.in/Gear-Vintage2-Leather-Backpack-LBPVG2LTH0501/dp/B07G4HH78P/ref=sr_1_103?crid=2M096C61O4MLT&keywords=bags&qid=1675269056&sprefix=ba%2Caps%2C283&sr=8-103,Gear Vintage2 28L Faux Leather Water Resistant Anti Theft Laptop Bag/Backpack for Men/Women-Navy,₹999,4.4 out of 5 stars,"3,056"
https://www.amazon.in/Trajectory-Elegant-15-6-Laptop-Office/dp/B09RK6NCGC/ref=sr_1_104?crid=2M096C61O4MLT&keywords=bags&qid=1675269056&sprefix=ba%2Caps%2C283&sr=8-104,"Trajectory Sigma Brown Elegant Vegan Leather Crossbody Messenger Office Bag for upto 15.6 Inch Laptop , MacBook , Notebook with Multiple Compartment Shoulder & Handbag for Men & Women with 2 Years Warranty","₹1,399",4.2 out of 5 stars,335
https://www.amazon.in/Pigeon-Breast-Milk-Storage-Pieces/dp/B01M5DGMZ9/ref=sr_1_105?crid=2M096C61O4MLT&keywords=bags&qid=1675269056&sprefix=ba%2Caps%2C283&sr=8-105,"Pigeon Breast Milk Storage Bag,Secure Seal & easy Storage,Hygienic Breast Milk Storage,Leak Proof,Zipper Zeal Breast Milk Storage,5 pcs",₹115,4.3 out of 5 stars,442
https://www.amazon.in/TRAWOC-Backpack-Trekking-Rucksack-Warranty/dp/B0847PGZZM/ref=sr_1_106?crid=2M096C61O4MLT&keywords=bags&qid=1675269056&sprefix=ba%2Caps%2C283&sr=8-106,TRAWOC 80L Travel Backpack for Outdoor Sport Camp Hiking Trekking Bag Camping Rucksack HK007-PARENT,"₹2,380",4.4 out of 5 stars,"6,733"
https://www.amazon.in/EAYIRA-Portable-Multifunctional-Organizer-Cosmetic/dp/B07QYVX5FT/ref=sr_1_109?crid=2M096C61O4MLT&keywords=bags&qid=1675269056&sprefix=ba%2Caps%2C283&sr=8-109,EAYIRA Hanging Travel Toiletry Kit Bag Cosmetic Make up Organizer Multifunction Portable Makeup Pouch for Women and Girls Waterproof Ladies Case Travelling Storage Inner Ware Up Brush Kit Holder,₹380,3.9 out of 5 stars,747
https://www.amazon.in/Gear-Bounce-Backpack-Grey-Orange-BKPBOUNCE0604/dp/B097KCLF5F/ref=sr_1_110?crid=2M096C61O4MLT&keywords=bags&qid=1675269056&sprefix=ba%2Caps%2C283&sr=8-110,Gear Bounce 27 Ltrs Water Resistant School Bag/Backpack/College Bag for Men/Women-Grey Orange,₹599,3.6 out of 5 stars,355
https://www.amazon.in/AirCase-Messenger-Detachable-Shoulder-Warranty/dp/B0BHZ12XQ7/ref=sr_1_111?crid=2M096C61O4MLT&keywords=bags&qid=1675269056&sprefix=ba%2Caps%2C283&sr=8-111,"AirCase Office Canvas Sling Messenger Bag fits Upto 15.6"" Laptop/ MacBook, PU Leather Handles, Detachable Shoulder Strap, Easy to Clean, for Office/ Travel, Men & Women,Grey- 6 Month Warranty",₹999,,
https://www.amazon.in/Baggit-Womens-Hobo-Handbag-Green/dp/B097C2T2DS/ref=sr_1_112?crid=2M096C61O4MLT&keywords=bags&qid=1675269056&sprefix=ba%2Caps%2C283&sr=8-112,Baggit Women's PEPSI Sling Bag,₹812,4.3 out of 5 stars,"1,923"
https://www.amazon.in/F-Gear-Enzo-Red-Sports-Waist-Bag/dp/B0862LF7HS/ref=sr_1_113?crid=2M096C61O4MLT&keywords=bags&qid=1675269056&sprefix=ba%2Caps%2C283&sr=8-113,F Gear Enzo Sports Waist Bag (.Red),₹197,4.2 out of 5 stars,751
https://www.amazon.in/Gear-Vintage2-Leather-Backpack-LBPVG2LTH0201/dp/B07G4D13L7/ref=sr_1_114?crid=2M096C61O4MLT&keywords=bags&qid=1675269056&sprefix=ba%2Caps%2C283&sr=8-114,Gear Vintage2 28L Faux Leather Water Resistant Anti Theft Laptop Bag/Backpack for Men/Women-Brown,₹949,4.4 out of 5 stars,"3,581"
https://www.amazon.in/ASTRID-Black-Textured-Laptop-Accessory/dp/B09Z2G37YY/ref=sr_1_115?crid=2M096C61O4MLT&keywords=bags&qid=1675269056&sprefix=ba%2Caps%2C283&sr=8-115,ASTRID Women's 17'' Black and White Textured Laptop Bag With Accessory Pouch,₹999,3.9 out of 5 stars,55
https://www.amazon.in/Isle-Locada-Hidesign-Womens-Sling/dp/B07SYJL1P7/ref=sr_1_116?crid=2M096C61O4MLT&keywords=bags&qid=1675269056&sprefix=ba%2Caps%2C283&sr=8-116,Hidesign Women Sling Bag (Blue),"₹1,999",4.4 out of 5 stars,102
https://www.amazon.in/Gear-Vintage2-Leather-Backpack-LBPVG2LTH0201/dp/B07G4D13L7/ref=sr_1_115?crid=2M096C61O4MLT&keywords=bags&qid=1675269059&sprefix=ba%2Caps%2C283&sr=8-115,Gear Vintage2 28L Faux Leather Water Resistant Anti Theft Laptop Bag/Backpack for Men/Women-Brown,₹949,4.4 out of 5 stars,"(3,581)"
https://www.amazon.in/ASTRID-Black-Textured-Laptop-Accessory/dp/B09Z2G37YY/ref=sr_1_116?crid=2M096C61O4MLT&keywords=bags&qid=1675269059&sprefix=ba%2Caps%2C283&sr=8-116,ASTRID Women's 17'' Black and White Textured Laptop Bag With Accessory Pouch,₹999,3.9 out of 5 stars,(55)
https://www.amazon.in/Lavie-Spring-Summer-Womens-Sling/dp/B081KGQ3M4/ref=sr_1_117?crid=2M096C61O4MLT&keywords=bags&qid=1675269059&sprefix=ba%2Caps%2C283&sr=8-117,Lavie Women's Medium Mamo Dome Sling Bag | Ladies Purse Handbag | Crossbody Sling Strap,₹658,4.0 out of 5 stars,"(1,372)"
https://www.amazon.in/BennettTM-Shoulder-Messenger-Repellent-Charcoal/dp/B09CV24TMK/ref=sr_1_118?crid=2M096C61O4MLT&keywords=bags&qid=1675269059&sprefix=ba%2Caps%2C283&sr=8-118,Bennett™ Mystic Unisex Adult Men's Laptop Bag 15.6 inch Side Shoulder Briefcase Satchel Messenger Business Bags for Men & Women Front Pocket for Laptop Accessories - Black (6 Month Warranty),₹512,4.1 out of 5 stars,"(4,857)"
https://www.amazon.in/Isle-Locada-Hidesign-Womens-Sling/dp/B07SYJL1P7/ref=sr_1_119?crid=2M096C61O4MLT&keywords=bags&qid=1675269059&sprefix=ba%2Caps%2C283&sr=8-119,Hidesign Women Sling Bag (Blue),"₹1,999",4.4 out of 5 stars,(102)
https://www.amazon.in/Veneer-Business-Briefcase-Resistant-Messenger/dp/B08Z619V6Z/ref=sr_1_120?crid=2M096C61O4MLT&keywords=bags&qid=1675269059&sprefix=ba%2Caps%2C283&sr=8-120,"Veneer Laptop Bag 15.6 Inch, Business Briefcase for Men Women, 15inch Water Resistant Messenger Shoulder Bag with Strap, Durable Office Bag, for Computer/Notebook/MacBook","₹1,055",4.2 out of 5 stars,"(2,882)"
https://www.amazon.in/F-Gear-Tycoon-Laptop-Backpack/dp/B071XJ6XV5/ref=sr_1_121?crid=2M096C61O4MLT&keywords=bags&qid=1675269059&sprefix=ba%2Caps%2C283&sr=8-121,F Gear Tycoon 27 Liters Laptop Backpack Sch Bag(Black),"₹1,168",4.4 out of 5 stars,(202)
https://www.amazon.in/Lavie-Broxa-Flap-Womens-Sling/dp/B08QTF8RPM/ref=sr_1_122?crid=2M096C61O4MLT&keywords=bags&qid=1675269059&sprefix=ba%2Caps%2C283&sr=8-122,Lavie Women's Broxa Flap Over Sling Bag | Ladies Purse Handbag,"₹1,217",4.2 out of 5 stars,"(5,529)"
https://www.amazon.in/Baggit-Womens-Satchel-Handbag-Grey/dp/B098TKJG1L/ref=sr_1_125?crid=2M096C61O4MLT&keywords=bags&qid=1675269059&sprefix=ba%2Caps%2C283&sr=8-125,Baggit Women's Sling Bag (Grey),₹837,4.3 out of 5 stars,(777)
https://www.amazon.in/Osaka-Pro-Waterproof-Accessories-Others-Made/dp/B081Z1TVPQ/ref=sr_1_126?crid=2M096C61O4MLT&keywords=bags&qid=1675269059&sprefix=ba%2Caps%2C283&sr=8-126,"Osaka Pro Series-11 Waterproof DSLR Backpack Camera Bag, Lens Accessories Carry Case for Nikon, Canon, Olympus, Pentax & Others-Made in India",₹880,3.9 out of 5 stars,(553)
https://www.amazon.in/HOT-DELIVERY-BAG-Insulated-waterproof/dp/B08VJ4VWGZ/ref=sr_1_127?crid=2M096C61O4MLT&keywords=bags&qid=1675269059&sprefix=ba%2Caps%2C283&sr=8-127,"HOT DELIVERY BAGS Insulated and Waterproof Door Hanging Bag for Milk Sachets and Bottles Storage, Durable and Light Weight (Sea Green)",₹649,4.5 out of 5 stars,(250)
https://www.amazon.in/Casual-Backpack-Charging-Laptop-Compartment/dp/B07J46KLFP/ref=sr_1_128?crid=2M096C61O4MLT&keywords=bags&qid=1675269059&sprefix=ba%2Caps%2C283&sr=8-128,"Fur Jaden 15.6 Inch Laptop Backpack 25 LTR Bag for School, College and Office with USB Charging Port",₹489,3.9 out of 5 stars,"(9,818)"
https://www.amazon.in/Wooum-Resisitance-Shoulder-Business-Messenger/dp/B0993Q72WD/ref=sr_1_129?crid=2M096C61O4MLT&keywords=bags&qid=1675269059&sprefix=ba%2Caps%2C283&sr=8-129,wooum Water Resisitance Sling Cross Body Bag/One Side Bag/Shoulder Bag/Office Business Messenger Bag/Money Bag for Men and Women - Blue,₹328.70,4.0 out of 5 stars,(575)
https://www.amazon.in/Bennett-15-6-inch-Repellent-Backpack-ben_cas_blue/dp/B09WZKB54G/ref=sr_1_130?crid=2M096C61O4MLT&keywords=bags&qid=1675269059&sprefix=ba%2Caps%2C283&sr=8-130,"Bennett Laptop Bag for Menं & Women 15.6 inch, 35 L Water Resistant Bag Laptop Apple / Dell / Lenovo / Asus / Hp / Samsung / Mi / MacBook / Ultrabook / Thinkpad / Ideapad / Surfacepro (Blue)",₹512,3.9 out of 5 stars,(345)
https://www.amazon.in/Gear-Ltrs-Casual-Backpack-MDBKPECO50504/dp/B0757K36YV/ref=sr_1_131?crid=2M096C61O4MLT&keywords=bags&qid=1675269059&sprefix=ba%2Caps%2C283&sr=8-131,Gear Moderneco5 21L Water Resistant School Bag/Backpack/College Bag For Men/Women - Navyblue,₹429,3.9 out of 5 stars,"(2,495)"
https://www.amazon.in/YuvKuz-TM-Infocus-Digitizer-Assembly/dp/B07MXNWTB2/ref=sr_1_132?crid=2M096C61O4MLT&keywords=bags&qid=1675269059&sprefix=ba%2Caps%2C283&sr=8-132,Lavie Women's Nova Tote Bag | Ladies Purse Handbag,₹824,4.2 out of 5 stars,"(7,317)"
https://www.amazon.in/Nivia-5177BK-Polyester-String-Black/dp/B071XM6PSM/ref=sr_1_131?crid=2M096C61O4MLT&keywords=bags&qid=1675269062&sprefix=ba%2Caps%2C283&sr=8-131,Nivia Polyester String Bag,₹139,4.1 out of 5 stars,968
https://www.amazon.in/Wooum-Resisitance-Shoulder-Business-Messenger/dp/B0993Q72WD/ref=sr_1_132?crid=2M096C61O4MLT&keywords=bags&qid=1675269062&sprefix=ba%2Caps%2C283&sr=8-132,wooum Water Resisitance Sling Cross Body Bag/One Side Bag/Shoulder Bag/Office Business Messenger Bag/Money Bag for Men and Women - Blue,₹328.70,4.0 out of 5 stars,575
https://www.amazon.in/Gear-Black-Casual-Backpack-MDBKPECO50104/dp/B0757MBSS6/ref=sr_1_133?crid=2M096C61O4MLT&keywords=bags&qid=1675269062&sprefix=ba%2Caps%2C283&sr=8-133,Gear Casual Backpack,₹429,3.8 out of 5 stars,"2,038"
https://www.amazon.in/Gear-Ltrs-Casual-Backpack-MDBKPECO50504/dp/B0757K36YV/ref=sr_1_134?crid=2M096C61O4MLT&keywords=bags&qid=1675269062&sprefix=ba%2Caps%2C283&sr=8-134,Gear Moderneco5 21L Water Resistant School Bag/Backpack/College Bag For Men/Women - Navyblue,₹429,3.9 out of 5 stars,"2,495"
https://www.amazon.in/F-Gear-String-LTR-Gym-Bag/dp/B07L4ZNBPQ/ref=sr_1_135?crid=2M096C61O4MLT&keywords=bags&qid=1675269062&sprefix=ba%2Caps%2C283&sr=8-135,F Gear String 13 Ltr Gym Bag (Black),₹189,4.2 out of 5 stars,33
https://www.amazon.in/Asus-BP1504-15-6-inch-Laptop-Backpack/dp/B0895ZZHKK/ref=sr_1_136?crid=2M096C61O4MLT&keywords=bags&qid=1675269062&sprefix=ba%2Caps%2C283&sr=8-136,Asus BP1504 39.62 cm (15.6-inch) Laptop Backpack (Dark Grey),₹559,4.2 out of 5 stars,"1,481"
https://www.amazon.in/Tabelito-Laptop-Backpack-15-6-inch-Repellent/dp/B08Y5S6C2P/ref=sr_1_137?crid=2M096C61O4MLT&keywords=bags&qid=1675269062&sprefix=ba%2Caps%2C283&sr=8-137,"Tabelito® Casual Laptop Bag 15.6inch (39.6 cm) , 25 LTR Office College School Bags Business Travel Backpack for Men Women Water Resistant Bags(BLACK)",₹548,4.2 out of 5 stars,"1,498"
https://www.amazon.in/Storite-Leather-Laptop-Bag-inch/dp/B081GQJLD2/ref=sr_1_138?crid=2M096C61O4MLT&keywords=bags&qid=1675269062&sprefix=ba%2Caps%2C283&sr=8-138,"Storite PU Leather 14 inch Laptop Messenger Organizer Bag/Shoulder Sling Office Bag for Men & Women – (37x 27x7 cm,Light Brown)","₹1,059",4.0 out of 5 stars,"1,531"
https://www.amazon.in/Girls-1518-Polyester-Designer-Waterproof-Bag-Backpack/dp/B08F9QYRZB/ref=sr_1_141?crid=2M096C61O4MLT&keywords=bags&qid=1675269062&sprefix=ba%2Caps%2C283&sr=8-141,Beauty Girls-1518 Polyester Floral printed Designer Stylish Waterproof School/Collage/Picknic Bag-Backpack For Girls & Women (32 Lit),₹849,4.4 out of 5 stars,928
https://www.amazon.in/Kraptick-backpack-maternity-nursing-mothers/dp/B0BFWJFS62/ref=sr_1_142?crid=2M096C61O4MLT&keywords=bags&qid=1675269062&sprefix=ba%2Caps%2C283&sr=8-142,"Kraptick Diaper bag backpack, diaper bags for mom for travel, baby diaper bag, maternity bags for mother and baby, nursing bags for mothers, diaper bag handbag",₹975,5.0 out of 5 stars,2
https://www.amazon.in/Storite-Cross-Travel-Dark-Grey/dp/B07PFF4RYC/ref=sr_1_143?crid=2M096C61O4MLT&keywords=bags&qid=1675269062&sprefix=ba%2Caps%2C283&sr=8-143,Storite Stylish Padded Small Nylon Sling Cross Body Travel Office Business Messenger Bag for Men Women (25x16x7.5cm) (Dark Grey),₹449,4.1 out of 5 stars,"8,049"
https://www.amazon.in/StarX-Compact-Nylon-Mesh-Medium-Orange/dp/B01NBTOX54/ref=sr_1_144?crid=2M096C61O4MLT&keywords=bags&qid=1675269062&sprefix=ba%2Caps%2C283&sr=8-144,StarX Nylon 15 Cms Gym Bag(Orange Bag_Orange),₹237,3.7 out of 5 stars,134
https://www.amazon.in/Number-Backpack-Compartment-Charging-Organizer/dp/B09VTCNN75/ref=sr_1_145?crid=2M096C61O4MLT&keywords=bags&qid=1675269062&sprefix=ba%2Caps%2C283&sr=8-145,"FUR JADEN Anti Theft Number Lock Backpack Bag with 15.6 Inch Laptop Compartment, USB Charging Port & Organizer Pocket for Men Women Boys Girls",₹689,3.9 out of 5 stars,"2,682"
https://www.amazon.in/Tabelito-Laptop-Backpack-15-6-inch-Repellent/dp/B08Y3L4PHK/ref=sr_1_146?crid=2M096C61O4MLT&keywords=bags&qid=1675269062&sprefix=ba%2Caps%2C283&sr=8-146,Tabelito® Casual 15.6 Inch (39.6 cm) Water Repellent Laptop Backpack Office College School Business Travel Bag Suitable for Men Women Boys & Girls Capacity 25 Litre (Grey),₹549,4.2 out of 5 stars,"1,498"
https://www.amazon.in/TRUE-HUMAN-Anti-Theft-backpack-combination/dp/B09VCHV6T5/ref=sr_1_147?crid=2M096C61O4MLT&keywords=bags&qid=1675269062&sprefix=ba%2Caps%2C283&sr=8-147,"TRUE HUMAN® Emperor Anti Theft With Number Lock Backpack Bag Laptop bag,office bag for Men and Women | College Bags for Girls & Boys (ZYDEN)",₹649,3.7 out of 5 stars,665
https://www.amazon.in/Veneer-Backpack-Fashion-Leather-College/dp/B09BMG8R6Y/ref=sr_1_148?crid=2M096C61O4MLT&keywords=bags&qid=1675269062&sprefix=ba%2Caps%2C283&sr=8-148,"Veneer Medium 20 L Laptop Backpack Men Womens Girls Fashion PU Leather Mini Casual Backpack Bags for School, College, Tuition, Office Bag",₹899,4.2 out of 5 stars,810
https://www.amazon.in/Red-Lemon-Backpack-Multifunctional-Charcoal/dp/B0BGSV19KZ/ref=sr_1_147?crid=2M096C61O4MLT&keywords=bags&qid=1675269065&sprefix=ba%2Caps%2C283&sr=8-147,Red Lemon Swiss Cut Design Medium 26 L Laptop Backpack Outdoor Backpack fits 15.6 inch Multifunctional Laptop Bag Backpack for Men and Women with USB port Anti Theft Travel Backpack,"₹1,899",4.4 out of 5 stars,423
https://www.amazon.in/Gear-Vintage2-Leather-Backpack-LBPVG2LTH0101/dp/B07G44G1DC/ref=sr_1_148?crid=2M096C61O4MLT&keywords=bags&qid=1675269065&sprefix=ba%2Caps%2C283&sr=8-148,Gear Vintage2 28L Faux Leather Water Resistant Anti Theft Laptop Bag/Backpack for Men/Women-Black,₹999,4.4 out of 5 stars,"1,631"
https://www.amazon.in/House-Quirk-Hanging-Toiletry-Organizer/dp/B072MH8KBB/ref=sr_1_149?crid=2M096C61O4MLT&keywords=bags&qid=1675269065&sprefix=ba%2Caps%2C283&sr=8-149,"House of Quirk Hanging Travel Toiletry Bag, Waterproof Dopp Kit for Shaving Makeup Accessories, Men Cosmetic Organizer with Large Capacity, for Gym, Camping - Black",₹390,4.0 out of 5 stars,"1,921"
https://www.amazon.in/Resistant-Outdoor-Shoulder-Unbalance-Earphone/dp/B07TT785P7/ref=sr_1_150?crid=2M096C61O4MLT&keywords=bags&qid=1675269065&sprefix=ba%2Caps%2C283&sr=8-150,"Arctic Hunter Mens Small Sling Bag Chest Bag Shoulder Bag Mobile Bag Side Bag with Earphone Port Water Resistant for Everyday Use Small Items and Small Electronic Product,Black","₹1,139",4.3 out of 5 stars,527
https://www.amazon.in/Asus-BP1504-15-6-inch-Laptop-Backpack/dp/B0895ZZHKK/ref=sr_1_151?crid=2M096C61O4MLT&keywords=bags&qid=1675269065&sprefix=ba%2Caps%2C283&sr=8-151,Asus BP1504 39.62 cm (15.6-inch) Laptop Backpack (Dark Grey),₹559,4.2 out of 5 stars,"1,481"
https://www.amazon.in/Tabelito-Laptop-Backpack-15-6-inch-Repellent/dp/B08Y5S6C2P/ref=sr_1_152?crid=2M096C61O4MLT&keywords=bags&qid=1675269065&sprefix=ba%2Caps%2C283&sr=8-152,"Tabelito® Casual Laptop Bag 15.6inch (39.6 cm) , 25 LTR Office College School Bags Business Travel Backpack for Men Women Water Resistant Bags(BLACK)",₹548,4.2 out of 5 stars,"1,498"
https://www.amazon.in/SAFARI-Denim-Casual-Backpack-DAYPACKNEO15CBDNB/dp/B07NSC4SL5/ref=sr_1_153?crid=2M096C61O4MLT&keywords=bags&qid=1675269065&sprefix=ba%2Caps%2C283&sr=8-153,SAFARI 15 Ltrs Denim Blue Casual/School/College Backpack (DAYPACKNEO15CBDNB),₹480,4.0 out of 5 stars,"12,154"
https://www.amazon.in/Kraptick-backpack-maternity-nursing-mothers/dp/B0BFWJFS62/ref=sr_1_154?crid=2M096C61O4MLT&keywords=bags&qid=1675269065&sprefix=ba%2Caps%2C283&sr=8-154,"Kraptick Diaper bag backpack, diaper bags for mom for travel, baby diaper bag, maternity bags for mother and baby, nursing bags for mothers, diaper bag handbag",₹975,5.0 out of 5 stars,2
https://www.amazon.in/StarX-Compact-Nylon-Mesh-Medium-Orange/dp/B01NBTOX54/ref=sr_1_157?crid=2M096C61O4MLT&keywords=bags&qid=1675269065&sprefix=ba%2Caps%2C283&sr=8-157,StarX Nylon 15 Cms Gym Bag(Orange Bag_Orange),₹237,3.7 out of 5 stars,134
https://www.amazon.in/Number-Backpack-Compartment-Charging-Organizer/dp/B09VTCNN75/ref=sr_1_158?crid=2M096C61O4MLT&keywords=bags&qid=1675269065&sprefix=ba%2Caps%2C283&sr=8-158,"FUR JADEN Anti Theft Number Lock Backpack Bag with 15.6 Inch Laptop Compartment, USB Charging Port & Organizer Pocket for Men Women Boys Girls",₹689,3.9 out of 5 stars,"2,682"
https://www.amazon.in/Tabelito-Laptop-Backpack-15-6-inch-Repellent/dp/B08Y3L4PHK/ref=sr_1_159?crid=2M096C61O4MLT&keywords=bags&qid=1675269065&sprefix=ba%2Caps%2C283&sr=8-159,Tabelito® Casual 15.6 Inch (39.6 cm) Water Repellent Laptop Backpack Office College School Business Travel Bag Suitable for Men Women Boys & Girls Capacity 25 Litre (Grey),₹549,4.2 out of 5 stars,"1,498"
https://www.amazon.in/American-Tourister-Polypropylene-FO1-002/dp/B08CS9NC8Y/ref=sr_1_160?crid=2M096C61O4MLT&keywords=bags&qid=1675269065&sprefix=ba%2Caps%2C283&sr=8-160,American Tourister Ivy Polypropylene 68 cms Black Hardsided Check-in Luggage (FO1 (0) 09 002),"₹3,499",4.2 out of 5 stars,"8,506"
https://www.amazon.in/TRUE-HUMAN-Anti-Theft-backpack-combination/dp/B09VCHV6T5/ref=sr_1_161?crid=2M096C61O4MLT&keywords=bags&qid=1675269065&sprefix=ba%2Caps%2C283&sr=8-161,"TRUE HUMAN® Emperor Anti Theft With Number Lock Backpack Bag Laptop bag,office bag for Men and Women | College Bags for Girls & Boys (ZYDEN)",₹649,3.7 out of 5 stars,665
https://www.amazon.in/BROGBUS-Business-Messenger-Sling-10-05inch/dp/B09QLD9GJY/ref=sr_1_162?crid=2M096C61O4MLT&keywords=bags&qid=1675269065&sprefix=ba%2Caps%2C283&sr=8-162,BROGBUS Leather Men Bag Business Messenger,₹989,4.1 out of 5 stars,367
https://www.amazon.in/Chic-Buddy-Waterproof-Swimsuits-Toiletries/dp/B09KS97LZH/ref=sr_1_163?crid=2M096C61O4MLT&keywords=bags&qid=1675269065&sprefix=ba%2Caps%2C283&sr=8-163,"Chic Buddy Waterproof Wet Bag, Washable, Reusable for Travel, Beach, Pool, Stroller, Diapers, Dirty Gym Clothes, Wet Swimsuits, Toiletries",₹299,4.5 out of 5 stars,256
https://www.amazon.in/Veneer-Backpack-Fashion-Leather-College/dp/B09BMG8R6Y/ref=sr_1_164?crid=2M096C61O4MLT&keywords=bags&qid=1675269065&sprefix=ba%2Caps%2C283&sr=8-164,"Veneer Medium 20 L Laptop Backpack Men Womens Girls Fashion PU Leather Mini Casual Backpack Bags for School, College, Tuition, Office Bag",₹899,4.2 out of 5 stars,810
https://www.amazon.in/F-Gear-Raider-Marpat-Navy-Backpack/dp/B07F1157TV/ref=sr_1_163?crid=2M096C61O4MLT&keywords=bags&qid=1675269068&sprefix=ba%2Caps%2C283&sr=8-163,F Gear Raider 30 Liter Backpack with Rain Cover (.Marpat Navy Digital Camo),₹822,4.2 out of 5 stars,"2,869"
https://www.amazon.in/ADISA-SL5022-black-women-girls/dp/B07NPXWFXX/ref=sr_1_164?crid=2M096C61O4MLT&keywords=bags&qid=1675269068&sprefix=ba%2Caps%2C283&sr=8-164,ADISA Women's & Girls' Sling Bag,₹495,4.1 out of 5 stars,"2,770"
https://www.amazon.in/AirCase-C25-Messenger-Shoulder-Compartments/dp/B07X6DV3VM/ref=sr_1_165?crid=2M096C61O4MLT&keywords=bags&qid=1675269068&sprefix=ba%2Caps%2C283&sr=8-165,"AirCase Office Messenger Sling Bag fits upto 15.6"" Laptop/Macbook, Detachable Shoulder Strap, Waterproof, Shockproof, Carry Handle with Spacious Pockets, For Men & Women",₹949,4.0 out of 5 stars,572
https://www.amazon.in/Isle-Locada-Hidesign-Womens-Sling/dp/B07L6NGWLP/ref=sr_1_166?crid=2M096C61O4MLT&keywords=bags&qid=1675269068&sprefix=ba%2Caps%2C283&sr=8-166,Hidesign Women Sling Bag (Blue),"₹1,499",4.4 out of 5 stars,250
https://www.amazon.in/Tommy-Hilfiger-Polyester-TH-KENDALL0815/dp/B082PFY9VC/ref=sr_1_167?crid=2M096C61O4MLT&keywords=bags&qid=1675269068&sprefix=ba%2Caps%2C283&sr=8-167,Tommy Hilfiger Polyester 53 cms Navy + White Gym Shoulder Bag (TH/KENDALL0815),"₹1,799",4.4 out of 5 stars,63
https://www.amazon.in/Compartment-Black-Bottle-Wristband-Fitness/dp/B0BPNZV6F6/ref=sr_1_168?crid=2M096C61O4MLT&keywords=bags&qid=1675269068&sprefix=ba%2Caps%2C283&sr=8-168,"Hang It Gym Bag Combo for Men ll Gym Bag with Shoe Compartment and , Black Bottle, Black Wristband, Black Gloves ll Gym kit for Men and Women ll Gym Bag & Fitness Kit & Gym Bag Combo (Black)",₹599,5.0 out of 5 stars,1
https://www.amazon.in/Tabelito-Office-Laptop-Briefcase-Women/dp/B08FL584Z4/ref=sr_1_169?crid=2M096C61O4MLT&keywords=bags&qid=1675269068&sprefix=ba%2Caps%2C283&sr=8-169,Tabelito® Laptop Bag For Men and women Briefcase 15.6 Inch (39.6 cm) Messenger Side Shoulder Travel bags for mens Water Resistant gifts office bag for men,₹549,3.8 out of 5 stars,"1,404"
https://www.amazon.in/Fargo-Handbag-Women-Girls-Light5pc/dp/B09N3K2ZCP/ref=sr_1_170?crid=2M096C61O4MLT&keywords=bags&qid=1675269068&sprefix=ba%2Caps%2C283&sr=8-170,Fargo Handbag For Women And Girls COMBO SET OF 5 (Light5pc),₹499,3.2 out of 5 stars,"2,952"
https://www.amazon.in/Okami-Wolf-unisex-adult-Messenger-Protection/dp/B0B7521SSD/ref=sr_1_173?crid=2M096C61O4MLT&keywords=bags&qid=1675269068&sprefix=ba%2Caps%2C283&sr=8-173,Okami Wolf unisex-adult ZenPack Laptop Messenger Bag With USB Fast Charger and RFID Protection ( Black),"₹3,499",4.4 out of 5 stars,36
https://www.amazon.in/Kleider-Nylon-Travel-Mobile-Messenger/dp/B08V5B5G14/ref=sr_1_174?crid=2M096C61O4MLT&keywords=bags&qid=1675269068&sprefix=ba%2Caps%2C283&sr=8-174,DEIN KLEIDER Nylon Cross Body Travel Mobile Pouch Sling Messenger Bag for Women,₹259,4.2 out of 5 stars,"1,328"
https://www.amazon.in/POLESTAR-Casual-bagpack-School-Backpack/dp/B07PQQ8M7B/ref=sr_1_175?crid=2M096C61O4MLT&keywords=bags&qid=1675269068&sprefix=ba%2Caps%2C283&sr=8-175,"POLESTAR Noble 32 L Bag for College, School, Office, Casual Multipurpose Backpack with 15.6"" Laptop Compartment, Water Resistant, Unisex Design, Stylish & Durable, 1 Year Warranty",₹579,4.0 out of 5 stars,"17,255"
https://www.amazon.in/AirCase-C17-Laptop-Sleeve-Handle/dp/B07FJV79CX/ref=sr_1_176?crid=2M096C61O4MLT&keywords=bags&qid=1675269068&sprefix=ba%2Caps%2C283&sr=8-176,"AirCase Sleeve Messenger Bag with Handle & Detachable Shoulder Strap |for Upto 14"" Laptop/ MacBook | 3-in-1 use | 3 Zippered Spacious Pockets | Durable Nylon Padded Fabric, for Men & Women (Black)",₹849,4.2 out of 5 stars,"2,784"
https://www.amazon.in/ASTRID-Womens-Round-Sling-Pompoms/dp/B08VS8JBNK/ref=sr_1_177?crid=2M096C61O4MLT&keywords=bags&qid=1675269068&sprefix=ba%2Caps%2C283&sr=8-177,ASTRID Women's Round Sling Bag with Pompoms (Brown),₹499,4.4 out of 5 stars,295
https://www.amazon.in/Wesley-Milestone-Waterproof-Backpack-Business/dp/B07NJRPJ6Q/ref=sr_1_178?crid=2M096C61O4MLT&keywords=bags&qid=1675269068&sprefix=ba%2Caps%2C283&sr=8-178,Wesley Milestone 15.6 inch 25 L Casual Waterproof Laptop Backpack/Office Bag/School Bag/College Bag/Business Bag/Unisex Travel Backpack (Black),₹498,4.3 out of 5 stars,"12,103"
https://www.amazon.in/Gear-Black-Casual-Backpack-BKPCMPUS10110/dp/B00Z9427SK/ref=sr_1_179?crid=2M096C61O4MLT&keywords=bags&qid=1675269068&sprefix=ba%2Caps%2C283&sr=8-179,Gear Campus1 22L Water Resistant School Bag/ College Bag/ Backpack For Men/Women-Black Royalblue,₹649,4.3 out of 5 stars,"3,831"
https://www.amazon.in/Lenovo-Laptop-Backpack-15-6-Inch-GX40Q17227/dp/B075Y6SRMG/ref=sr_1_180?crid=2M096C61O4MLT&keywords=bags&qid=1675269068&sprefix=ba%2Caps%2C283&sr=8-180,Lenovo Casual Laptop Backpack B210 39.62 cm (15.6) -inch Water Repellent Grey,₹898,4.2 out of 5 stars,"53,028"
https://www.amazon.in/Gear-Expandable-RainCover-Grey-Black-TLPTURBO00401/dp/B097KDRZ67/ref=sr_1_179?crid=2M096C61O4MLT&keywords=bags&qid=1675269071&sprefix=ba%2Caps%2C283&sr=8-179,Gear Turbo 45L Expandable Water Resistant Antitheft Laptop Bag/Backpack/Briefcase For Men/Women With Raincover (Grey),"₹1,568",4.4 out of 5 stars,753
https://www.amazon.in/Wesley-Milestone-Waterproof-Backpack-Business/dp/B07NJRPJ6Q/ref=sr_1_180?crid=2M096C61O4MLT&keywords=bags&qid=1675269071&sprefix=ba%2Caps%2C283&sr=8-180,Wesley Milestone 15.6 inch 25 L Casual Waterproof Laptop Backpack/Office Bag/School Bag/College Bag/Business Bag/Unisex Travel Backpack (Black),₹498,4.3 out of 5 stars,"12,103"
https://www.amazon.in/TULMAN-Stylish-Messenger-Shoulder-Bag/dp/B07Q74QLHT/ref=sr_1_181?crid=2M096C61O4MLT&keywords=bags&qid=1675269071&sprefix=ba%2Caps%2C283&sr=8-181,TULMAN Canvas Travel Sling Bag Cross Body One side Shoulder College Bag for Men & Women - 30 x 13 x 26 CM - Olive Green,₹799,4.1 out of 5 stars,366
https://www.amazon.in/AirCase-Messenger-13-Inch-14-Inch-MacBook/dp/B07WS6HTHY/ref=sr_1_182?crid=2M096C61O4MLT&keywords=bags&qid=1675269071&sprefix=ba%2Caps%2C283&sr=8-182,"AirCase C26 13.3 Inch/14 Inch Messenger Laptop Bag with Shoulder Strap, Water resistant, Handle and 2 Multi Utility Compartments (Black)",₹949,4.1 out of 5 stars,"2,562"
https://www.amazon.in/Protecta-Professional-15-6-inch-Briefcase-Geometric/dp/B07GNCRCP4/ref=sr_1_183?crid=2M096C61O4MLT&keywords=bags&qid=1675269071&sprefix=ba%2Caps%2C283&sr=8-183,Protecta The Professional Laptop Bag Briefcase for Laptops with Screen Size Up to 15.6 Inch (Black & Indian Geometric Print),₹699,4.4 out of 5 stars,"1,381"
https://www.amazon.in/Artistix-Backpack-Anti-Theft-Charging-Resistance/dp/B082PKX18C/ref=sr_1_184?crid=2M096C61O4MLT&keywords=bags&qid=1675269071&sprefix=ba%2Caps%2C283&sr=8-184,Artistix 25 ltrs (30 cms)backpack(Talon_40cm_black),₹999,4.3 out of 5 stars,"2,760"
https://www.amazon.in/Gear-Black-Casual-Backpack-BKPCMPUS10110/dp/B00Z9427SK/ref=sr_1_185?crid=2M096C61O4MLT&keywords=bags&qid=1675269071&sprefix=ba%2Caps%2C283&sr=8-185,Gear Campus1 22L Water Resistant School Bag/ College Bag/ Backpack For Men/Women-Black Royalblue,₹649,4.3 out of 5 stars,"3,831"
https://www.amazon.in/VIFITKIT-Multi-Purpose-Spacious-Storage-Compartment/dp/B0B4BLYKYB/ref=sr_1_186?crid=2M096C61O4MLT&keywords=bags&qid=1675269071&sprefix=ba%2Caps%2C283&sr=8-186,"VIFITKIT Gym Bag for Men & Women, Duffel Bag, Multi-Purpose Bag with Spacious Storage Compartment & Durable Zipper Closure (22.5 litres, Blue & Black)",₹299,4.1 out of 5 stars,33
https://www.amazon.in/Gear-Superior-Casual-Backpack-BKPSPRIOR0001/dp/B08GY2ZN96/ref=sr_1_189?crid=2M096C61O4MLT&keywords=bags&qid=1675269071&sprefix=ba%2Caps%2C283&sr=8-189,Gear Superior 16LWater Resistant School Bag//Backpack/College Bag for Men/Women - Black,₹373,3.9 out of 5 stars,216
https://www.amazon.in/Safari-Casual-Backpack-Charging-Resistant/dp/B09B2581S9/ref=sr_1_190?crid=2M096C61O4MLT&keywords=bags&qid=1675269071&sprefix=ba%2Caps%2C283&sr=8-190,"Safari Sneak Casual Backpack with USB Charging Port 26 Ltrs Water Resistant Fabric - Grey, L (SNEAK19CBGRE)",₹899,3.7 out of 5 stars,762
https://www.amazon.in/SAFARI-Ltrs-Casual-Backpack-DAYPACKNEO15CBSEB/dp/B07Q7CNPMV/ref=sr_1_191?crid=2M096C61O4MLT&keywords=bags&qid=1675269071&sprefix=ba%2Caps%2C283&sr=8-191,SAFARI 15 Ltrs Sea Blue Casual/School/College Backpack (DAYPACKNEO15CBSEB),₹299,4.0 out of 5 stars,"17,771"
https://www.amazon.in/Skybags-Polypropylene-Cms-Travel-DFACN1BLU_Blue/dp/B0B6CH21F9/ref=sr_1_192?crid=2M096C61O4MLT&keywords=bags&qid=1675269071&sprefix=ba%2Caps%2C283&sr=8-192,Skybags Polypropylene 46 Cms Travel Bag(DFACN1BLU_Blue),₹564,4.0 out of 5 stars,23
https://www.amazon.in/Kuber-Industries-Lightweight-Toiletry-Carrying/dp/B0B45QRYHY/ref=sr_1_193?crid=2M096C61O4MLT&keywords=bags&qid=1675269071&sprefix=ba%2Caps%2C283&sr=8-193,Kuber Industries Rexine Lightweight Travel Toiletry Bag Shaving Kit with Carrying Strap (Grey) 54KM4283,₹189,4.1 out of 5 stars,17
https://www.amazon.in/Gear-Vintage2-Leather-Backpack-LBPVG2LTH0101/dp/B07G44G1DC/ref=sr_1_194?crid=2M096C61O4MLT&keywords=bags&qid=1675269071&sprefix=ba%2Caps%2C283&sr=8-194,Gear Vintage2 28L Faux Leather Water Resistant Anti Theft Laptop Bag/Backpack for Men/Women-Black,₹999,4.4 out of 5 stars,"1,631"
https://www.amazon.in/Prarabdh-Pocket-Shoulder-Strap-Water/dp/B09FZ2N1VQ/ref=sr_1_195?crid=2M096C61O4MLT&keywords=bags&qid=1675269071&sprefix=ba%2Caps%2C283&sr=8-195,Prarabdh Yoga Mat Bag from Women & Men and Shoulder Strap Water Proof Yoga Mat Cover (Blue Color),₹195,3.6 out of 5 stars,32
https://www.amazon.in/Gear-Vintage2-Leather-Backpack-LBPVG2LTH0201/dp/B07G4D13L7/ref=sr_1_196?crid=2M096C61O4MLT&keywords=bags&qid=1675269071&sprefix=ba%2Caps%2C283&sr=8-196,Gear Vintage2 28L Faux Leather Water Resistant Anti Theft Laptop Bag/Backpack for Men/Women-Brown,₹949,4.4 out of 5 stars,"3,581"
https://www.amazon.in/Amazon-Basics-Stylish-Backpack-Laptop/dp/B09W4WRV5Q/ref=sr_1_195?crid=2M096C61O4MLT&keywords=bags&qid=1675269074&sprefix=ba%2Caps%2C283&sr=8-195,"Amazon Basics - Laptop Backpack/Travel Backpack/College Bag for 15.6-inch Laptop, Water-Resistant, Stylish Design","₹1,859",,
https://www.amazon.in/TRUE-HUMAN-Anti-Theft-backpack-combination/dp/B09NGNYLKF/ref=sr_1_196?crid=2M096C61O4MLT&keywords=bags&qid=1675269074&sprefix=ba%2Caps%2C283&sr=8-196,"TRUE HUMAN® Emperor Anti-Theft backpack with combination lock Laptop bag ,office bag for Men and Women | College Bags for Girls & Boys ( Zyden )",₹679,3.7 out of 5 stars,378
https://www.amazon.in/Genie-Ltrs-School-Backpack-CAMELLIA17SBPIN/dp/B07QHMKHWH/ref=sr_1_197?crid=2M096C61O4MLT&keywords=bags&qid=1675269074&sprefix=ba%2Caps%2C283&sr=8-197,"Genie Camellia School Bag for Girls, 17 inch Backpack for Women, 3 compartments Water Resistant Stylish and Trendy College Backpacks for Girls",₹721.71,4.2 out of 5 stars,"2,863"
https://www.amazon.in/Nivia-5227-Junior-Others-Orange/dp/B08D7QKCX5/ref=sr_1_198?crid=2M096C61O4MLT&keywords=bags&qid=1675269074&sprefix=ba%2Caps%2C283&sr=8-198,"Nivia 5227 Pulse Junior Bag, Others (Orange) (ORNAGE)",₹369,3.7 out of 5 stars,139
https://www.amazon.in/ALIZA-Womens-Tote-Bag-Black/dp/B08JJ8RQNR/ref=sr_1_199?crid=2M096C61O4MLT&keywords=bags&qid=1675269074&sprefix=ba%2Caps%2C283&sr=8-199,ALIZA Women's Tote Bag,₹426,4.0 out of 5 stars,"7,622"
https://www.amazon.in/Womens-Lattice-Office-leather-adjustable/dp/B07VNMWWRX/ref=sr_1_200?crid=2M096C61O4MLT&keywords=bags&qid=1675269074&sprefix=ba%2Caps%2C283&sr=8-200,ZOUK Black Printed Handmade Vegan Leather Women's Office Bag for 15.6 inch Laptop with Double Handles - Lattice Lace,"₹1,699",4.4 out of 5 stars,"1,691"
https://www.amazon.in/Artistix-Backpack-Anti-Theft-Charging-Resistance/dp/B082PKX18C/ref=sr_1_201?crid=2M096C61O4MLT&keywords=bags&qid=1675269074&sprefix=ba%2Caps%2C283&sr=8-201,Artistix 25 ltrs (30 cms)backpack(Talon_40cm_black),₹999,4.3 out of 5 stars,"2,760"
https://www.amazon.in/Terminator-Unisex-Laptop-Backpack-School/dp/B0BSV5ZYGC/ref=sr_1_202?crid=2M096C61O4MLT&keywords=bags&qid=1675269074&sprefix=ba%2Caps%2C283&sr=8-202,Terminator Large 55 L Unisex Laptop Backpack For School/Office/Travel/Casual and Fits Upto 17 Inch Laptop,₹699,,
https://www.amazon.in/Gear-Vintage2-Leather-Backpack-LBPVG2LTH1901/dp/B07G4F3758/ref=sr_1_205?crid=2M096C61O4MLT&keywords=bags&qid=1675269074&sprefix=ba%2Caps%2C283&sr=8-205,Gear Vintage2 Anti Theft Faux Leather 18 cms Tan Laptop Backpack,₹989,4.4 out of 5 stars,"1,404"
https://www.amazon.in/PLAYY-BAGS-Backpack-College-Students/dp/B099N8JRVJ/ref=sr_1_206?crid=2M096C61O4MLT&keywords=bags&qid=1675269074&sprefix=ba%2Caps%2C283&sr=8-206,PLAYY BAGS Large 35 L Laptop Bag/Backpack for Men Women Boys Girls/Office School College Teens & Students(Navy Blue),₹599,3.3 out of 5 stars,110
https://www.amazon.in/Hoteon-Backpack-Anti-Theft-Earphone-Resistant/dp/B08T96KXTF/ref=sr_1_207?crid=2M096C61O4MLT&keywords=bags&qid=1675269074&sprefix=ba%2Caps%2C283&sr=8-207,"Golden Wolf Laptop Bag Business Anti-theft Backpack with Lock, Water Resistant College School Laptop Backpack with Rain Cover and USB Port Earphone Port, Backpack for 15.6-inch Laptop 25 L Travel Bag for Women and Men Gifts, Light Grey","₹1,946",4.4 out of 5 stars,"3,184"
https://www.amazon.in/American-Tourister-FS0-11-001/dp/B07S13P8BW/ref=sr_1_208?crid=2M096C61O4MLT&keywords=bags&qid=1675269074&sprefix=ba%2Caps%2C283&sr=8-208,American Tourister Spin 49 cms Teal Laptop Backpack,"₹1,499",4.1 out of 5 stars,"1,424"
https://www.amazon.in/Compartment-Black-Bottle-Wristband-Fitness/dp/B0BPNZV6F6/ref=sr_1_209?crid=2M096C61O4MLT&keywords=bags&qid=1675269074&sprefix=ba%2Caps%2C283&sr=8-209,"Hang It Gym Bag Combo for Men ll Gym Bag with Shoe Compartment and , Black Bottle, Black Wristband, Black Gloves ll Gym kit for Men and Women ll Gym Bag & Fitness Kit & Gym Bag Combo (Black)",₹599,5.0 out of 5 stars,1
https://www.amazon.in/Clownfish-Trident-Laptop-Briefcase-Messenger/dp/B079HZJTK2/ref=sr_1_210?crid=2M096C61O4MLT&keywords=bags&qid=1675269074&sprefix=ba%2Caps%2C283&sr=8-210,The Clownfish Trident Series Laptop Briefcase 15.6 inch Laptop Bag Messenger Bag (Dark Brown),"₹1,819",4.4 out of 5 stars,236
https://www.amazon.in/American-Tourister-FS0-41-002/dp/B07S13B1HR/ref=sr_1_211?crid=2M096C61O4MLT&keywords=bags&qid=1675269074&sprefix=ba%2Caps%2C283&sr=8-211,American Tourister Spin 49 cms Navy Laptop Backpack,"₹1,499",4.1 out of 5 stars,"1,117"
https://www.amazon.in/Aristocrat-Unisex-Premium-Poleyester-Fabric/dp/B09ZV9MSFQ/ref=sr_1_212?crid=2M096C61O4MLT&keywords=bags&qid=1675269074&sprefix=ba%2Caps%2C283&sr=8-212,Aristocrat Unisex Black Premium Poleyester Fabric 26L Laptop Bags,₹654,3.7 out of 5 stars,36
https://www.amazon.in/Skybags-Unisex-Grey-Jacqard-Laptop/dp/B09ZV9SLBJ/ref=sr_1_211?crid=2M096C61O4MLT&keywords=bags&qid=1675269077&sprefix=ba%2Caps%2C283&sr=8-211,Skybags Unisex Grey Jacqard 34L Laptop Bags,"₹1,155",4.4 out of 5 stars,12
https://www.amazon.in/PALAY%C2%AE-Multifunctional-Pattern-Accommodate-Shoulder/dp/B09FJZJVP8/ref=sr_1_212_mod_primary_new?crid=2M096C61O4MLT&keywords=bags&qid=1675269077&sbo=RZvfv%2F%2FHxDF%2BO5021pAnSA%3D%3D&sprefix=ba%2Caps%2C283&sr=8-212,PALAY® Crossbody Phone Bags For Women 3 Layers Small Multifunctional Mobile Pouch Sling Bags For Girls Latest Travel Cell Phone Purses Pouch Sport Shoulder Bag,₹552,4.4 out of 5 stars,276
https://www.amazon.in/wooum-Resistant-Material-Messenger-Compartment/dp/B0BQFHN15L/ref=sr_1_213?crid=2M096C61O4MLT&keywords=bags&qid=1675269077&sprefix=ba%2Caps%2C283&sr=8-213,wooum Water Resistant Material Sling Bag/One Side Bag/Shoulder Bag/Messenger Bag/Office Messenger Bag/Travel Side Bag with 14.1 Inch Laptop Compartment -,₹474.05,4.0 out of 5 stars,201
https://www.amazon.in/Leatherette-Executive-messenger-multiple-compartments/dp/B099NM8621/ref=sr_1_214?crid=2M096C61O4MLT&keywords=bags&qid=1675269077&sprefix=ba%2Caps%2C283&sr=8-214,"Zipline Synthetic Leather Executive SMALL messenger bag Briefcase for upto 13"" Laptop/Tablet for men women with multiple compartments (1-Tan Bag)",₹938,3.9 out of 5 stars,335
https://www.amazon.in/Half-Moon-Trekking-Bags-Compartment/dp/B08PSX1LN9/ref=sr_1_215?crid=2M096C61O4MLT&keywords=bags&qid=1675269077&sprefix=ba%2Caps%2C283&sr=8-215,Half Moon 45L Hammer Waterproof Laptop Travelling Rucksack Trekking Backpack for Travel Journey bags for Men Women Boys & Girls with 17.3inch Laptop Compartment & Rain cover,"₹1,299",4.1 out of 5 stars,900
https://www.amazon.in/House-Quirk-Electronics-Accessories-Organizer/dp/B07MMGBD1J/ref=sr_1_216?crid=2M096C61O4MLT&keywords=bags&qid=1675269077&sprefix=ba%2Caps%2C283&sr=8-216,"House of Quirk Electronics Accessories Organizer Bag, Universal Carry Travel Gadget Bag for Cables, Plug and More, Perfect Size Fits for Pad Phone Charger Hard Disk - Dark Blue",₹499,4.3 out of 5 stars,"6,462"
https://www.amazon.in/Sfane-Women-Trendy-Black-Duffel/dp/B07GCR84D9/ref=sr_1_217?crid=2M096C61O4MLT&keywords=bags&qid=1675269077&sprefix=ba%2Caps%2C283&sr=8-217,"Sfane Polyester 9.05 Black Men & Women Trendy Black Sports Duffle Gym Bag, Shoulder Bag",₹299,4.2 out of 5 stars,901
https://www.amazon.in/Gear-Executive-Anti-Theft-Backpack-BKPPKREXE0101/dp/B097KCMQKG/ref=sr_1_218?crid=2M096C61O4MLT&keywords=bags&qid=1675269077&sprefix=ba%2Caps%2C283&sr=8-218,Gear Parker 23L Water Resistant Anti Theft Laptop Bag/Backpack for Men/Women - Black,₹649,4.3 out of 5 stars,300
https://www.amazon.in/POLESTAR-Navyorg-Casual-bagpack-Backpack/dp/B0844R2GMK/ref=sr_1_221?crid=2M096C61O4MLT&keywords=bags&qid=1675269077&sprefix=ba%2Caps%2C283&sr=8-221,"POLESTAR Space 34 L Bag for College, School, Office, Casual Multipurpose Backpack with 15.6"" Laptop Compartment, Water Resistant, Unisex Design, Stylish & Durable, 1 Year Warranty",₹549,4.0 out of 5 stars,"6,043"
https://www.amazon.in/Unicorn-Crossbody-Shoulder-Multicolor-Collection/dp/B09N74VDY7/ref=sr_1_222_mod_primary_new?crid=2M096C61O4MLT&keywords=bags&qid=1675269077&sbo=RZvfv%2F%2FHxDF%2BO5021pAnSA%3D%3D&sprefix=ba%2Caps%2C283&sr=8-222,"Pop It Bag Unicorn Shape Sling Bag Crossbody Bag for Kids, Pop It Bag for Girls, Pop It Fidget Toy Shoulder Bag, Fidget Purse for Kids Stress Relief Toys, Multicolor Random Collection",₹119,3.7 out of 5 stars,192
https://www.amazon.in/Genie-Ltrs-School-Backpack-SPRAY19SBBLU/dp/B07QFF2RZR/ref=sr_1_223?crid=2M096C61O4MLT&keywords=bags&qid=1675269077&sprefix=ba%2Caps%2C283&sr=8-223,"Genie Spray School Bag for Girls, 19 inch Backpack for Women, 3 compartments Water Resistant Stylish and Trendy College Backpacks for Girls",₹999,4.1 out of 5 stars,"1,289"
https://www.amazon.in/American-Tourister-Polypropylene-LG4-002_Crimson/dp/B0BB2LKNXG/ref=sr_1_224?crid=2M096C61O4MLT&keywords=bags&qid=1675269077&sprefix=ba%2Caps%2C283&sr=8-224,American Tourister KAMILIANT Polypropylene Hard 68 cms Luggage (LG4 (0) 00 002_Crimson)(46×68×28) cm Travel Bag,"₹2,799",4.2 out of 5 stars,119
https://www.amazon.in/Martucci-Laptop-Backpack-College-Reflective/dp/B0B7DT6HY3/ref=sr_1_225?crid=2M096C61O4MLT&keywords=bags&qid=1675269077&sprefix=ba%2Caps%2C283&sr=8-225,Martucci Large 35 L Backpack Spacy Unisex /College/School/Travel Backpack with Rain Cover and Reflective Strip,₹765,4.0 out of 5 stars,931
https://www.amazon.in/Nivia-5177RD-Polyester-String-Bag/dp/B07NNJKQQY/ref=sr_1_226?crid=2M096C61O4MLT&keywords=bags&qid=1675269077&sprefix=ba%2Caps%2C283&sr=8-226,Nivia 5177RD Polyester String Bag (Red),₹193,4.0 out of 5 stars,250
https://www.amazon.in/Wooum-Resistance-Laptop-Messenger-Briefcase/dp/B09BW4D31Z/ref=sr_1_227?crid=2M096C61O4MLT&keywords=bags&qid=1675269077&sprefix=ba%2Caps%2C283&sr=8-227,wooum 15.6 Inch Water Resistance Laptop Messenger Bag/Laptop Briefcase/Laptop Sling bag/Laptop Side Bag for Men and Women (Dark Grey),₹597.55,4.1 out of 5 stars,403
https://www.amazon.in/Shalimar-Reusable-Grocery-Multipurpose-Green/dp/B097J7KCL4/ref=sr_1_228?crid=2M096C61O4MLT&keywords=bags&qid=1675269077&sprefix=ba%2Caps%2C283&sr=8-228,Shalimar Reusable Grocery/Multipurpose Bags (Blue/Green) (16 x 15 x 5 Inch) - Pack of 2,₹48.48,,
https://www.amazon.in/POLESTAR-Navyorg-Casual-bagpack-Backpack/dp/B0844R2GMK/ref=sr_1_227?crid=2M096C61O4MLT&keywords=bags&qid=1675269080&sprefix=ba%2Caps%2C283&sr=8-227,"POLESTAR Space 34 L Bag for College, School, Office, Casual Multipurpose Backpack with 15.6"" Laptop Compartment, Water Resistant, Unisex Design, Stylish & Durable, 1 Year Warranty",₹549,4.0 out of 5 stars,"6,043"
https://www.amazon.in/Fostelo-Style-Diva-Womens-Handbag/dp/B00Z0NMFKU/ref=sr_1_228?crid=2M096C61O4MLT&keywords=bags&qid=1675269080&sprefix=ba%2Caps%2C283&sr=8-228,Fostelo Handbag For Women And Girls | Ladies Purse Faux Leather Satchel Bag | Woman Gifts | Wedding Gifts For Women | Women 2 Compartments Bag | Travel Purse Hobo Bag | 4 Pockets Shoulder Bag,₹498,3.9 out of 5 stars,"6,988"
https://www.amazon.in/Genie-Ltrs-School-Backpack-SPRAY19SBBLU/dp/B07QFF2RZR/ref=sr_1_229?crid=2M096C61O4MLT&keywords=bags&qid=1675269080&sprefix=ba%2Caps%2C283&sr=8-229,"Genie Spray School Bag for Girls, 19 inch Backpack for Women, 3 compartments Water Resistant Stylish and Trendy College Backpacks for Girls",₹999,4.1 out of 5 stars,"1,289"
https://www.amazon.in/Hoteon-Backpack-Anti-Theft-Earphone-Resistant/dp/B08HM4TQZZ/ref=sr_1_230?crid=2M096C61O4MLT&keywords=bags&qid=1675269080&sprefix=ba%2Caps%2C283&sr=8-230,"Golden Wolf Laptop Bag Anti-theft Backpack with Lock College School Laptop Backpack with Rain Cover Water Resistant Business Backpack with USB Port for 15.6-inch Laptop 25 L Travel Bag for Women and Men Gifts, Dark Grey","₹2,049",4.4 out of 5 stars,"3,184"
https://www.amazon.in/Aristocrat-Unisex-Oxford-Fabric-28-82L/dp/B09ZV86P4S/ref=sr_1_231?crid=2M096C61O4MLT&keywords=bags&qid=1675269080&sprefix=ba%2Caps%2C283&sr=8-231,Aristocrat Unisex Black Oxford Fabric 28.82L Laptop Bags,₹633,3.3 out of 5 stars,38
https://www.amazon.in/Roller-Skating-Inline-Skates-Adults/dp/B08C47SFYB/ref=sr_1_232?crid=2M096C61O4MLT&keywords=bags&qid=1675269080&sprefix=ba%2Caps%2C283&sr=8-232,"jaspo Roller Skating Bag, Quad & Inline Skates (Water Resistant), Casual/Office/College Book Backpack Computer/Laptop Bag for Both Kids & Adults Travel Backpack",₹284,3.5 out of 5 stars,56
https://www.amazon.in/American-Tourister-Polypropylene-LG4-002_Crimson/dp/B0BB2LKNXG/ref=sr_1_233?crid=2M096C61O4MLT&keywords=bags&qid=1675269080&sprefix=ba%2Caps%2C283&sr=8-233,American Tourister KAMILIANT Polypropylene Hard 68 cms Luggage (LG4 (0) 00 002_Crimson)(46×68×28) cm Travel Bag,"₹2,799",4.2 out of 5 stars,119
https://www.amazon.in/DZert-Panda-School-Backpacks-Cartoon/dp/B07Y2BFJ1B/ref=sr_1_234?crid=2M096C61O4MLT&keywords=bags&qid=1675269080&sprefix=ba%2Caps%2C283&sr=8-234,DZert Kids School Bag Soft Plush Backpacks Cartoon Boys Girls Baby (2-5 Years),₹239,3.7 out of 5 stars,"10,949"
https://www.amazon.in/Nivia-5177RD-Polyester-String-Bag/dp/B07NNJKQQY/ref=sr_1_237?crid=2M096C61O4MLT&keywords=bags&qid=1675269080&sprefix=ba%2Caps%2C283&sr=8-237,Nivia 5177RD Polyester String Bag (Red),₹193,4.0 out of 5 stars,250
https://www.amazon.in/Nivia-6852BK-Polyester-String-Black/dp/B07NNDWGYC/ref=sr_1_238?crid=2M096C61O4MLT&keywords=bags&qid=1675269080&sprefix=ba%2Caps%2C283&sr=8-238,Nivia 6852BK Polyester String Bag (Black),₹303,4.1 out of 5 stars,101
https://www.amazon.in/Gear-Colorado-Orange-Laptop-Backpack/dp/B097K6KD7W/ref=sr_1_239?crid=2M096C61O4MLT&keywords=bags&qid=1675269080&sprefix=ba%2Caps%2C283&sr=8-239,F Gear Colorado Grey Orange 39 Ltrs Laptop Backpack (3814),₹662,4.4 out of 5 stars,92
https://www.amazon.in/Capriff-Liters-Collage-travell-Backpack/dp/B084T7X2HX/ref=sr_1_240?crid=2M096C61O4MLT&keywords=bags&qid=1675269080&sprefix=ba%2Caps%2C283&sr=8-240,CAPRIFF 32 L Casual Waterproof Laptop Bag/Backpack for Men Boys & Girls For Office School College Teens & Students with Rain Cover With adjustable Strap With 2 Compartment,₹499,3.8 out of 5 stars,"2,870"
https://www.amazon.in/Gear-Expandable-RainCover-Grey-Black-TLPTURBO00401/dp/B097KDRZ67/ref=sr_1_241?crid=2M096C61O4MLT&keywords=bags&qid=1675269080&sprefix=ba%2Caps%2C283&sr=8-241,Gear Turbo 45L Expandable Water Resistant Antitheft Laptop Bag/Backpack/Briefcase For Men/Women With Raincover (Grey),"₹1,568",4.4 out of 5 stars,753
https://www.amazon.in/F-Gear-Yakuza-Brown-Laptop-Backpack/dp/B071VNWC1C/ref=sr_1_242?crid=2M096C61O4MLT&keywords=bags&qid=1675269080&sprefix=ba%2Caps%2C283&sr=8-242,F Gear Yakuza Brown 34 liter Laptop Backpack Sch Bag,"₹1,139",4.4 out of 5 stars,795
https://www.amazon.in/Lavie-Betula-Womens-Tote-Black/dp/B08HWFWGNX/ref=sr_1_243?crid=2M096C61O4MLT&keywords=bags&qid=1675269080&sprefix=ba%2Caps%2C283&sr=8-243,Lavie Women's Betula Medium Tote Bag | Ladies Purse Handbag,"₹1,055.39",4.1 out of 5 stars,"18,200"
https://www.amazon.in/Lino-Perros-Womens-Sling-Bag/dp/B07B4DGZ8D/ref=sr_1_244?crid=2M096C61O4MLT&keywords=bags&qid=1675269080&sprefix=ba%2Caps%2C283&sr=8-244,Lino Perros Sling bag,₹899,4.2 out of 5 stars,596
https://www.amazon.in/Wildcraft-Solid-Backpack-Navy-11908/dp/B07N1D9LX8/ref=sr_1_243?crid=2M096C61O4MLT&keywords=bags&qid=1675269083&sprefix=ba%2Caps%2C283&sr=8-243,Wildcraft 35 Ltrs 18 inch Backpack (11908 Navy_Navy),"₹1,246",4.1 out of 5 stars,577
https://www.amazon.in/Half-Moon-Travelling-Compartment-Polyester/dp/B09CGZ2W28/ref=sr_1_244?crid=2M096C61O4MLT&keywords=bags&qid=1675269083&sprefix=ba%2Caps%2C283&sr=8-244,Half Moon 55 litres Travelling Laptop Bag/Rucksack Backpack for Luggage Travel Journey Trekking Hiking Bags for Men Women Boys and Girls with Laptop Compartment & Rain Cover (Polyester Navy),₹979,4.0 out of 5 stars,903
https://www.amazon.in/Amazon-Basics-Stylish-Backpack-Laptop/dp/B09W4WRV5Q/ref=sr_1_245?crid=2M096C61O4MLT&keywords=bags&qid=1675269083&sprefix=ba%2Caps%2C283&sr=8-245,"Amazon Basics - Laptop Backpack/Travel Backpack/College Bag for 15.6-inch Laptop, Water-Resistant, Stylish Design","₹1,859",,
https://www.amazon.in/Zipline-Synthetic-Executive-Briefcase-compartments/dp/B0BL3G2JKV/ref=sr_1_246?crid=2M096C61O4MLT&keywords=bags&qid=1675269083&sprefix=ba%2Caps%2C283&sr=8-246,ZIPLINE Office Laptop Synthetic Leather Executive Formal 15.6 inch Laptop & MacBook Briefcase Messenger/Office/Travel/Business Bag for Men Women with Multiple compartments,"₹1,599",4.3 out of 5 stars,14
https://www.amazon.in/Storite-Cross-Travel-Dark-Grey/dp/B07PFF4RYC/ref=sr_1_247?crid=2M096C61O4MLT&keywords=bags&qid=1675269083&sprefix=ba%2Caps%2C283&sr=8-247,Storite Stylish Padded Small Nylon Sling Cross Body Travel Office Business Messenger Bag for Men Women (25x16x7.5cm) (Dark Grey),₹449,4.1 out of 5 stars,"8,049"
https://www.amazon.in/Wildcraft-Green-Casual-Backpack-11650-Green/dp/B079DV66TY/ref=sr_1_248?crid=2M096C61O4MLT&keywords=bags&qid=1675269083&sprefix=ba%2Caps%2C283&sr=8-248,Wildcraft 29.5 Ltrs Green Casual Backpack (11650-Green),₹990,4.2 out of 5 stars,310
https://www.amazon.in/uppercase-Backpack-2300EBP1-repellent-sustainable/dp/B0B69M182Q/ref=sr_1_249?crid=2M096C61O4MLT&keywords=bags&qid=1675269083&sprefix=ba%2Caps%2C283&sr=8-249,"uppercase Medium 17 Ltrs Vegan Leather (14.6 inch) Laptop Backpack 2300EBP1 3x more water resistant sustainable bags with rain proof zippers for Men, Women, Boys and Girls, 750 Days warranty (Green)","₹1,600",4.0 out of 5 stars,108
https://www.amazon.in/GoHustle-Business-Class-Convertible-Waterproof/dp/B0BM99GZ2K/ref=sr_1_250?crid=2M096C61O4MLT&keywords=bags&qid=1675269083&sprefix=ba%2Caps%2C283&sr=8-250,"GoHustle Business Class Convertible Laptop Backpack Bag | Waterproof Raincover | 30L, Upto 17 inch laptop bag, Keyholder & Organizer, Black Color","₹1,650",4.0 out of 5 stars,7
https://www.amazon.in/AirCase-C26-Messenger-Laptop-Shoulder/dp/B07P417566/ref=sr_1_253?crid=2M096C61O4MLT&keywords=bags&qid=1675269083&sprefix=ba%2Caps%2C283&sr=8-253,"AirCase Laptop Messenger Bag Case Cover Pouch for 13.3-Inch, 14-Inch Laptop Bag for Men & Women (Blue)",₹949,4.1 out of 5 stars,"2,562"
https://www.amazon.in/NORTH-ZONE-backpack-INVALID-DATA_navy/dp/B0BL3SPN16/ref=sr_1_254?crid=2M096C61O4MLT&keywords=bags&qid=1675269083&sprefix=ba%2Caps%2C283&sr=8-254,NORTH ZONE Lightweight school bags Backpacks for Boys Girls Stylish men and women Casual Travel Laptop Bag College office,₹631,4.0 out of 5 stars,192
https://www.amazon.in/African-Business-Shoulder-Material-Resistant/dp/B07MNY1DM1/ref=sr_1_255?crid=2M096C61O4MLT&keywords=bags&qid=1675269083&sprefix=ba%2Caps%2C283&sr=8-255,ZOUK Black Printed Handmade Vegan Leather Women's Office Bag for 15.6 inch Laptop with Double Handles - African Art,"₹1,699",4.4 out of 5 stars,"1,691"
https://www.amazon.in/DZert-School-Plush-Backpacks-Cartoon/dp/B08BCP78YF/ref=sr_1_256?crid=2M096C61O4MLT&keywords=bags&qid=1675269083&sprefix=ba%2Caps%2C283&sr=8-256,DZert Kids School Bag Soft Plush Backpacks Cartoon Boys Girls Baby (2-5 Years),₹239,3.7 out of 5 stars,875
https://www.amazon.in/PALAY%C2%AE-Multifunctional-Pattern-Accommodate-Shoulder/dp/B09FJZJVP8/ref=sr_1_257_mod_primary_new?crid=2M096C61O4MLT&keywords=bags&qid=1675269083&sbo=RZvfv%2F%2FHxDF%2BO5021pAnSA%3D%3D&sprefix=ba%2Caps%2C283&sr=8-257,PALAY® Crossbody Phone Bags For Women 3 Layers Small Multifunctional Mobile Pouch Sling Bags For Girls Latest Travel Cell Phone Purses Pouch Sport Shoulder Bag,₹552,4.4 out of 5 stars,276
https://www.amazon.in/Isle-Locada-Hidesign-Womens-Sling/dp/B07SYJL1P7/ref=sr_1_258?crid=2M096C61O4MLT&keywords=bags&qid=1675269083&sprefix=ba%2Caps%2C283&sr=8-258,Hidesign Women Sling Bag (Blue),"₹1,999",4.4 out of 5 stars,102
https://www.amazon.in/Lenovo-GX40Q17226-15-6-Inch-Casual-Backpack/dp/B075Y7H8V6/ref=sr_1_259?crid=2M096C61O4MLT&keywords=bags&qid=1675269083&sprefix=ba%2Caps%2C283&sr=8-259,Lenovo Casual Laptop Backpack B210 39.62 cm (15.6-inch) Water Repellent Blue,₹966,4.2 out of 5 stars,"53,028"
https://www.amazon.in/Amazon-Brand-Womens-Sling-Mustard/dp/B07XBZR7SR/ref=sr_1_260?crid=2M096C61O4MLT&keywords=bags&qid=1675269083&sprefix=ba%2Caps%2C283&sr=8-260,Amazon Brand - Eden & Ivy Women's Sling Bag,₹599,4.1 out of 5 stars,559
https://www.amazon.in/Baggit-Womens-Laptop-Bag-Large/dp/B0BNTL7Z7J/ref=sr_1_259?crid=2M096C61O4MLT&keywords=bags&qid=1675269087&sprefix=ba%2Caps%2C283&sr=8-259,Baggit Women's Laptop Bag - Large (Blue),₹987,5.0 out of 5 stars,1
https://www.amazon.in/VIP-Endura-Puller-Brown-Duffle/dp/B0B527KJQZ/ref=sr_1_260?crid=2M096C61O4MLT&keywords=bags&qid=1675269087&sprefix=ba%2Caps%2C283&sr=8-260,VIP Polypropylene 48 Cms Travel Bag(DFENDEBRN_Brown),₹899,4.3 out of 5 stars,334
https://www.amazon.in/Cartoon-Unicorn-Haversack-Drawstring-Birthday/dp/B0BFXLZZ3J/ref=sr_1_261?crid=2M096C61O4MLT&keywords=bags&qid=1675269087&sprefix=ba%2Caps%2C283&sr=8-261,"AK Store Cartoon Unicorn Print Dori Bag Haversack Bags, Drawstring Sack Bags, Exam Bags, Tution Bags for Boys, Girls, Kids, Birthday Return Gift Bags, Pink",₹99,,
https://www.amazon.in/Mammon-Womens-Leather-Handbag-4-teddy-pink/dp/B08N5F7P68/ref=sr_1_262?crid=2M096C61O4MLT&keywords=bags&qid=1675269087&sprefix=ba%2Caps%2C283&sr=8-262,Mammon Women's PU Leather Handbag Combo,₹636,3.4 out of 5 stars,"6,904"
https://www.amazon.in/Gear-Compact-Business-Backpack-BUSCOMPACT052/dp/B08D76WDTV/ref=sr_1_263?crid=2M096C61O4MLT&keywords=bags&qid=1675269087&sprefix=ba%2Caps%2C283&sr=8-263,Gear Compact Business 18L Water Resistant Laptop Bag/Backpack/Office Bag For Men/Women - Indiaink,₹774,4.2 out of 5 stars,"1,071"
https://www.amazon.in/Touristiano-Resistant-College-Computer-Backpacks/dp/B08W2C3QKM/ref=sr_1_264?crid=2M096C61O4MLT&keywords=bags&qid=1675269087&sprefix=ba%2Caps%2C283&sr=8-264,"Touristiano® Water Resistant College School Book Bag Laptop Computer, Travel Backpacks Laptop Bag for Women Men (Grey) (Navy Blue)",₹489,3.2 out of 5 stars,632
https://www.amazon.in/Safari-Overnighter-Resistant-Polyester-Travelling/dp/B097JK3X9D/ref=sr_1_265?crid=2M096C61O4MLT&keywords=bags&qid=1675269087&sprefix=ba%2Caps%2C283&sr=8-265,"Safari Crew Overnighter Backpack, 40 Ltr Water Resistant Travel Laptop Bag, Black Polyester Backpack for Men and Women, Spacious Shoulder Bag for Travelling and Camping","₹2,149",4.4 out of 5 stars,65
https://www.amazon.in/Gear-Polyester-Laptop-Backpack-LBPECO1000109/dp/B012NW1H1I/ref=sr_1_266?crid=2M096C61O4MLT&keywords=bags&qid=1675269087&sprefix=ba%2Caps%2C283&sr=8-266,Gear ECO 1 Black Orange Red Laptop Backpack,₹764,4.3 out of 5 stars,"1,341"
https://www.amazon.in/SACCI-MUCCI-Allamanda-Lightweight-SM1-10_magnolia/dp/B09TDNZ88Z/ref=sr_1_269?crid=2M096C61O4MLT&keywords=bags&qid=1675269087&sprefix=ba%2Caps%2C283&sr=8-269,"SACCI MUCCI Women's Rainbow Sling Bag, Handmade Bags for Females - 100% Vegan Leather and Coated Duck canvas Fabric, Lightweight and Durable",₹449,4.3 out of 5 stars,554
https://www.amazon.in/DEfANZO-Medium-Backpack-Repellent-SingleBlue/dp/B09BP2RBV5/ref=sr_1_270?crid=2M096C61O4MLT&keywords=bags&qid=1675269087&sprefix=ba%2Caps%2C283&sr=8-270,DEfANZO Medium 30 L HP Bags Laptop Backpack Anti Theft Water Repellent Laptop Backpack Bag w (SingleBlue),₹399,3.9 out of 5 stars,6
https://www.amazon.in/GOOD-FRIENDS-Blowzy-Messenger-Briefcase/dp/B088LG4CYY/ref=sr_1_271?crid=2M096C61O4MLT&keywords=bags&qid=1675269087&sprefix=ba%2Caps%2C283&sr=8-271,"Good Friends Blowzy Bags Laptop Messenger Bags for Men, Laptop Bags for Womens, Office Bags for Man, Laptop Briefcase, 15.6 inch Laptop Bag (Tan)",₹599,3.8 out of 5 stars,32
https://www.amazon.in/LEADWORT-Casual-Backpack-College-Black-Grey/dp/B09D3DPHCF/ref=sr_1_272?crid=2M096C61O4MLT&keywords=bags&qid=1675269087&sprefix=ba%2Caps%2C283&sr=8-272,LEADWORT Wolf Casual Laptop Backpack Litre College Bag ( Black-Grey ) (Pack Of -1 ),₹700,2.3 out of 5 stars,7
https://www.amazon.in/ASTRID-Womens-Round-Sling-Pompoms/dp/B08VS8JBNK/ref=sr_1_273?crid=2M096C61O4MLT&keywords=bags&qid=1675269087&sprefix=ba%2Caps%2C283&sr=8-273,ASTRID Women's Round Sling Bag with Pompoms (Brown),₹499,4.4 out of 5 stars,295
https://www.amazon.in/NISHIV-Capacity-Cosmetic-Cosmetics-Compartments/dp/B0BSV9KBX9/ref=sr_1_274?crid=2M096C61O4MLT&keywords=bags&qid=1675269087&sprefix=ba%2Caps%2C283&sr=8-274,NISHIV Leather Makeup Bag Large Capacity Cosmetic Travel Bag Women's Makeup Travel Bag Portable Leather Cosmetics Bag Makeup Storage Bags with Handle and Divider Wide Opening Cosmetic Travel Makeup pouch Portable Leather Makeup Storage Bag Opens Flat with Compartments Toiletry Cosmetic Bag(MULTI COLOR),₹499,,
https://www.amazon.in/Fancyku-Bangtan-Backpack-Shoulder-Charging/dp/B07L4GYKH9/ref=sr_1_275?crid=2M096C61O4MLT&keywords=bags&qid=1675269087&sprefix=ba%2Caps%2C283&sr=8-275,Fancyku Kpop BTS Bangtan Boys Casual Backpack Daypack Laptop Bag School Bag Bookbag Shoulder Bag with USB Charging Port(Black 3),"₹1,159",4.1 out of 5 stars,465
https://www.amazon.in/Half-Moon-Travelling-Rucksack-Compartment/dp/B09WDBPVFW/ref=sr_1_276?crid=2M096C61O4MLT&keywords=bags&qid=1675269087&sprefix=ba%2Caps%2C283&sr=8-276,Half Moon 55 litres Travelling Laptop Bag/Rucksack Backpack for Luggage Travel Journey Trekking Hiking Bags for Men Women Boys and Girls with Laptop Compartment & Rain Cover,₹979,4.0 out of 5 stars,274
https://www.amazon.in/Amazon-Basics-Stylish-Backpack-Laptop/dp/B09W4WRV5Q/ref=sr_1_275?crid=2M096C61O4MLT&keywords=bags&qid=1675269090&sprefix=ba%2Caps%2C283&sr=8-275,"Amazon Basics - Laptop Backpack/Travel Backpack/College Bag for 15.6-inch Laptop, Water-Resistant, Stylish Design","₹1,859",,
https://www.amazon.in/TRUE-HUMAN-Anti-Theft-backpack-combination/dp/B09NGNYLKF/ref=sr_1_276?crid=2M096C61O4MLT&keywords=bags&qid=1675269090&sprefix=ba%2Caps%2C283&sr=8-276,"TRUE HUMAN® Emperor Anti-Theft backpack with combination lock Laptop bag ,office bag for Men and Women | College Bags for Girls & Boys ( Zyden )",₹679,3.7 out of 5 stars,(378)
https://www.amazon.in/Isle-Coco-Hidesign-Womens-Sling/dp/B07L6D1VFK/ref=sr_1_277?crid=2M096C61O4MLT&keywords=bags&qid=1675269090&sprefix=ba%2Caps%2C283&sr=8-277,Hidesign Women Sling Bag (Blue),"₹1,599",4.3 out of 5 stars,(128)
https://www.amazon.in/Nivia-783-Polyester-Carrying-Balls/dp/B072KWMD1F/ref=sr_1_278?crid=2M096C61O4MLT&keywords=bags&qid=1675269090&sprefix=ba%2Caps%2C283&sr=8-278,"NIVIA ‘Ball Carrying Bag’ for 9 Balls, Polyester, Black",₹566,4.4 out of 5 stars,(66)
https://www.amazon.in/FATMUG-Crossbody-Shoulder-Girls-Casual-Trekking/dp/B08MXRJ811/ref=sr_1_279?crid=2M096C61O4MLT&keywords=bags&qid=1675269090&sprefix=ba%2Caps%2C283&sr=8-279,"FATMUG Crossbody Bagpack One Shoulder Chest Sling Bag for Men, Women, Boys & Girls-Casual Daypack, Office, College, Travel, Hiking, Trekking, Cycling, Can hold a 10 inch Tablet, Student Bag-Multicolor",₹999,4.1 out of 5 stars,(391)
https://www.amazon.in/AirCase-Anti-Gravity-Ergonomic-Technology-Protected/dp/B0B87NB61B/ref=sr_1_280?crid=2M096C61O4MLT&keywords=bags&qid=1675269090&sprefix=ba%2Caps%2C283&sr=8-280,"AirCase Anti-Gravity Backpack for Men & Women, Weight Reducing 15.6” Laptop Bag for Travel & Office, Ergonomic Technology for Posture & Muscle Support, Patent Protected, In-built Shock Absorber","₹4,099",3.9 out of 5 stars,(34)
https://www.amazon.in/Nivia-5227-Junior-Others-Orange/dp/B08D7QKCX5/ref=sr_1_281?crid=2M096C61O4MLT&keywords=bags&qid=1675269090&sprefix=ba%2Caps%2C283&sr=8-281,"Nivia 5227 Pulse Junior Bag, Others (Orange) (ORNAGE)",₹369,3.7 out of 5 stars,(139)
https://www.amazon.in/MOCA-Waterproof-Exterior-Velvety-Interior/dp/B09FJT5SJJ/ref=sr_1_282?crid=2M096C61O4MLT&keywords=bags&qid=1675269090&sprefix=ba%2Caps%2C283&sr=8-282,"MOCA Waterproof Nylon Exterior with Soft Velvety Interior Sleeve Bag Pouch Carry Case for 13.3"" to 14 inch Laptops, MacBook (Black, 13.3 Inch)","₹1,316",4.4 out of 5 stars,"(2,025)"
https://www.amazon.in/Womens-Lattice-Office-leather-adjustable/dp/B07VNMWWRX/ref=sr_1_285?crid=2M096C61O4MLT&keywords=bags&qid=1675269090&sprefix=ba%2Caps%2C283&sr=8-285,ZOUK Black Printed Handmade Vegan Leather Women's Office Bag for 15.6 inch Laptop with Double Handles - Lattice Lace,"₹1,699",4.4 out of 5 stars,"(1,691)"
https://www.amazon.in/Gear-Vintage2-Leather-Backpack-LBPVG2LTH1901/dp/B07G4F3758/ref=sr_1_286?crid=2M096C61O4MLT&keywords=bags&qid=1675269090&sprefix=ba%2Caps%2C283&sr=8-286,Gear Vintage2 Anti Theft Faux Leather 18 cms Tan Laptop Backpack,₹989,4.4 out of 5 stars,"(1,404)"
https://www.amazon.in/Terminator-Unisex-Laptop-Backpack-School/dp/B0BSV5ZYGC/ref=sr_1_287?crid=2M096C61O4MLT&keywords=bags&qid=1675269090&sprefix=ba%2Caps%2C283&sr=8-287,Terminator Large 55 L Unisex Laptop Backpack For School/Office/Travel/Casual and Fits Upto 17 Inch Laptop,₹699,,
https://www.amazon.in/PLAYY-BAGS-Backpack-College-Students/dp/B099N8JRVJ/ref=sr_1_288?crid=2M096C61O4MLT&keywords=bags&qid=1675269090&sprefix=ba%2Caps%2C283&sr=8-288,PLAYY BAGS Large 35 L Laptop Bag/Backpack for Men Women Boys Girls/Office School College Teens & Students(Navy Blue),₹599,3.3 out of 5 stars,(110)
https://www.amazon.in/Hoteon-Backpack-Anti-Theft-Earphone-Resistant/dp/B08T96KXTF/ref=sr_1_289?crid=2M096C61O4MLT&keywords=bags&qid=1675269090&sprefix=ba%2Caps%2C283&sr=8-289,"Golden Wolf Laptop Bag Business Anti-theft Backpack with Lock, Water Resistant College School Laptop Backpack with Rain Cover and USB Port Earphone Port, Backpack for 15.6-inch Laptop 25 L Travel Bag for Women and Men Gifts, Light Grey","₹1,946",4.4 out of 5 stars,"(3,184)"
https://www.amazon.in/Skybags-Riddle-Blue-Casual-Backpack/dp/B08Z298H44/ref=sr_1_290?crid=2M096C61O4MLT&keywords=bags&qid=1675269090&sprefix=ba%2Caps%2C283&sr=8-290,Skybags Riddle 2 Blue 45 Cms Casual Backpack,"₹1,143",4.4 out of 5 stars,(58)
https://www.amazon.in/Genie-Flamenco2-Backpack-Compatible-Resistant/dp/B08YF9VHTY/ref=sr_1_291?crid=2M096C61O4MLT&keywords=bags&qid=1675269090&sprefix=ba%2Caps%2C283&sr=8-291,Genie Flamenco2 Casual Backpacks for Women,₹699,4.3 out of 5 stars,"(1,324)"
https://www.amazon.in/Baggit-Womens-Sling-bag-Carrot/dp/B09F3P9YZ5/ref=sr_1_292?crid=2M096C61O4MLT&keywords=bags&qid=1675269090&sprefix=ba%2Caps%2C283&sr=8-292,Baggit Women Hobo Handbag (CARROT),₹398,3.8 out of 5 stars,(86)
https://www.amazon.in/Amazon-Basics-Casual-Backpack-15-6-inch/dp/B09W4WJ1CB/ref=sr_1_291?crid=2M096C61O4MLT&keywords=bags&qid=1675269093&sprefix=ba%2Caps%2C283&sr=8-291,AmazonBasics 20 ltrs (33 Cms)Casual Backpack for 15.6-inch Laptop(CLB-1_black),₹539,4.2 out of 5 stars,384
https://www.amazon.in/Isle-Locada-Hidesign-Womens-Sling/dp/B07L6NX9WV/ref=sr_1_292?crid=2M096C61O4MLT&keywords=bags&qid=1675269093&sprefix=ba%2Caps%2C283&sr=8-292,Hidesign Women Sling Bag (Black),"₹1,999",4.3 out of 5 stars,225
https://www.amazon.in/Womens-Abstract-Office-leather-adjustable/dp/B07VLHK7J4/ref=sr_1_293?crid=2M096C61O4MLT&keywords=bags&qid=1675269093&sprefix=ba%2Caps%2C283&sr=8-293,ZOUK Multicolor Abstract Printed Handmade Vegan Leather Women's Office Bag for 15.6 inch Laptop with Double Handles - Abstract Amaze,"₹1,699",4.4 out of 5 stars,"1,691"
https://www.amazon.in/Clownfish-Trident-Laptop-Briefcase-Messenger/dp/B079HZJTK2/ref=sr_1_294?crid=2M096C61O4MLT&keywords=bags&qid=1675269093&sprefix=ba%2Caps%2C283&sr=8-294,The Clownfish Trident Series Laptop Briefcase 15.6 inch Laptop Bag Messenger Bag (Dark Brown),"₹1,819",4.4 out of 5 stars,236
https://www.amazon.in/American-Tourister-Polypropylene-LG4-08/dp/B0BB2LX7LW/ref=sr_1_295?crid=2M096C61O4MLT&keywords=bags&qid=1675269093&sprefix=ba%2Caps%2C283&sr=8-295,American Tourister Polypropylene Hard 68 cms Luggage- Suitcase(LG4 (0) 08 002_Iron Grey),"₹2,899",4.0 out of 5 stars,152
https://www.amazon.in/Swisslook-Polyester-15-6-inch-Backpack-Waterproof/dp/B07XYTZP4Z/ref=sr_1_296?crid=2M096C61O4MLT&keywords=bags&qid=1675269093&sprefix=ba%2Caps%2C283&sr=8-296,Red Lemon Swisslook Polyester Bange Series 45L 15.6-inch Laptop Bags Backpack for Men and Women Waterproof USB Anti Theft Travel Backpack,"₹2,849",4.3 out of 5 stars,"1,253"
https://www.amazon.in/Compartment-Bottle-Wristband-Gloves-Fitness/dp/B0BQN19KQM/ref=sr_1_297?crid=2M096C61O4MLT&keywords=bags&qid=1675269093&sprefix=ba%2Caps%2C283&sr=8-297,"Hang It Gym Bag Combo for Men and Woman ll Gym Bag with Shoe Compartment ,Blue 500ML Bottle, Blue Wristband, Blue Gloves ll Gym kit for Men and Women ll Gym Bag & Fitness Kit & Gym Bag Combo",₹549,,
https://www.amazon.in/GreenLands-SG-Backpack-QUAD-L-Grey/dp/B08ML7RWG6/ref=sr_1_298?crid=2M096C61O4MLT&keywords=bags&qid=1675269093&sprefix=ba%2Caps%2C283&sr=8-298,"GREENLANDS 42 Litres Quad Backpack/Bag with Rain Cover for Travel, Upto 17” Laptop, School/College and Work Lightweight and Stylish Bag Men and Women- Light Grey","₹1,844",3.8 out of 5 stars,88
https://www.amazon.in/Half-Moon-Curiosity-Backpack-Resistant/dp/B09S3ZK3N1/ref=sr_1_301?crid=2M096C61O4MLT&keywords=bags&qid=1675269093&sprefix=ba%2Caps%2C283&sr=8-301,Half Moon Curiosity 35L Travel Laptop College School Backpack Water Resistant Slim Durable Fits 15.6 Inch Laptop Notebook with Rain cover (Navy Blue),₹849,3.7 out of 5 stars,162
https://www.amazon.in/Cosmus-Casual-Backpack-Charger-College/dp/B08D7D2ZFX/ref=sr_1_302?crid=2M096C61O4MLT&keywords=bags&qid=1675269093&sprefix=ba%2Caps%2C283&sr=8-302,Cosmus Vogue Casual Laptop Backpack with USB Charger Port 46cm 26 Litre Navy College Bag,"₹1,181",4.2 out of 5 stars,"1,347"
https://www.amazon.in/Cosmus-Casual-Backpack-Charger-College/dp/B08D7D21FV/ref=sr_1_303?crid=2M096C61O4MLT&keywords=bags&qid=1675269093&sprefix=ba%2Caps%2C283&sr=8-303,Cosmus Vogue Casual Laptop Backpack with USB Charger Port 44cm 26 Litre Grey College Bag,"₹1,181",4.2 out of 5 stars,"1,347"
https://www.amazon.in/Farraige%C2%AE-Silicone-Crossbody-Waterproof-Stationery/dp/B0B4G8W6MQ/ref=sr_1_304?crid=2M096C61O4MLT&keywords=bags&qid=1675269093&sprefix=ba%2Caps%2C283&sr=8-304,Farraige® Cartoon Soft Silicone Bag Crossbody Shoulder Bag Purse Waterproof Anti Fall Stationery Storage Bag Handbag Sweet Birthday Gift for Children Students Girls,₹598,4.7 out of 5 stars,20
https://www.amazon.in/Wildcraft-Ltrs-Black-Rucksack-8903338073840/dp/B01G5I8VDS/ref=sr_1_305_mod_primary_new?crid=2M096C61O4MLT&keywords=bags&qid=1675269093&sbo=RZvfv%2F%2FHxDF%2BO5021pAnSA%3D%3D&sprefix=ba%2Caps%2C283&sr=8-305,Wildcraft 45 Ltrs Black Rucksack (8903338073840),"₹1,738",4.3 out of 5 stars,"1,024"
https://www.amazon.in/VISMIINTREND-Fashion-Leather-Backpack-Convertible/dp/B0B3MYB7JX/ref=sr_1_306?crid=2M096C61O4MLT&keywords=bags&qid=1675269093&sprefix=ba%2Caps%2C283&sr=8-306,VISMIINTREND Fashion Vegan Leather Anti Theft Backpack Purse Bags for Women and Girls | Sling | Casual | Bagpack | College | Work Bag | Gifts for Women | Gift for Sister | Valentine | Girlfriend | Wife,"₹1,310",4.3 out of 5 stars,943
https://www.amazon.in/Amazon-Basics-Laptop-Backpack-Repellent/dp/B09W36L1KL/ref=sr_1_307?crid=2M096C61O4MLT&keywords=bags&qid=1675269093&sprefix=ba%2Caps%2C283&sr=8-307,"AmazonBasics Laptop Slingbag - 16.5L, Water Repellent and Wear Resistant, Black & Grey","₹1,599",3.8 out of 5 stars,37
https://www.amazon.in/Shoulder-Lightweight-Duffle-Weekend-OliveGreen-SkyBlue/dp/B09136P3D9/ref=sr_1_308?crid=2M096C61O4MLT&keywords=bags&qid=1675269093&sprefix=ba%2Caps%2C283&sr=8-308,"Aurion Durable Vista Bag with Multiple Purposes and Compartments for Men and Women - (24 cm, Olive Green x Blue, 1pc) | Sports Bag | Duffle Bag | Travel Bag | Camping Bag | Kit Bag | Luggage Bag",₹299,4.0 out of 5 stars,38
https://www.amazon.in/Wildcraft-Ltrs-Black-Rucksack-8903338073840/dp/B01G5I8VDS/ref=sr_1_307_mod_primary_new?crid=2M096C61O4MLT&keywords=bags&qid=1675269096&sbo=RZvfv%2F%2FHxDF%2BO5021pAnSA%3D%3D&sprefix=ba%2Caps%2C283&sr=8-307,Wildcraft 45 Ltrs Black Rucksack (8903338073840),"₹1,738",4.3 out of 5 stars,"1,024"
https://www.amazon.in/Farraige%C2%AE-Silicone-Crossbody-Waterproof-Stationery/dp/B0B4G8W6MQ/ref=sr_1_308?crid=2M096C61O4MLT&keywords=bags&qid=1675269096&sprefix=ba%2Caps%2C283&sr=8-308,Farraige® Cartoon Soft Silicone Bag Crossbody Shoulder Bag Purse Waterproof Anti Fall Stationery Storage Bag Handbag Sweet Birthday Gift for Children Students Girls,₹598,4.7 out of 5 stars,20
